{
    "id": "{A404182F-6CED-4E8A-9028-6E068B5B7074}",
    "name": "",
    "picture": "QuickLogger.png",
    "license_type": "Apache-2.0",
    "license_file": "LICENSE.txt",
    "platforms": "Win32;Win64;OSX32;Android;IOSDevice32;IOSDevice64;Linux64",
    "package_compiler_min": 22,
    "package_compiler_max": 35,
    "compiler_min": 22,
    "compiler_max": 35,
    "first_version": "",
    "report_url": "",
    "dependencies":
     [
        {
         "id": "{039708CE-1DC1-4FC5-A58E-A77B3177A9C8}",
         "version_min": "1.0"
        }
     ]
}