/*заполняем books*/
INSERT INTO BOOKS ("id", NAME_BOOK, TOM, AMOUNT, ID_AGE_LIMIT, PRICE, ID_BOOK_TYPE) 
    VALUES (1, 'Война и мир', 1, 20, 1, 1500, 1);
INSERT INTO BOOKS ("id", NAME_BOOK, TOM, AMOUNT, ID_AGE_LIMIT, PRICE, ID_BOOK_TYPE) 
    VALUES (2, 'Война и мир', 2, 19, 1, 1400, 1);
INSERT INTO BOOKS ("id", NAME_BOOK, TOM, AMOUNT, ID_AGE_LIMIT, PRICE, ID_BOOK_TYPE) 
    VALUES (3, 'Война и мир', 3, 18, 1, 1300, 1);
INSERT INTO BOOKS ("id", NAME_BOOK, TOM, AMOUNT, ID_AGE_LIMIT, PRICE, ID_BOOK_TYPE) 
    VALUES (4, 'Война и мир', 4, 17, 1, 1200, 1);
INSERT INTO BOOKS ("id", NAME_BOOK, AMOUNT, ID_AGE_LIMIT, PRICE, ID_BOOK_TYPE) 
    VALUES (5, 'Братья Карамазовы', 10, 2, 1000, 1);
INSERT INTO BOOKS ("id", NAME_BOOK, AMOUNT, ID_AGE_LIMIT, PRICE, ID_BOOK_TYPE) 
    VALUES (6, 'Братья Карамазовы', 9, 2, 900, 1);
INSERT INTO BOOKS ("id", NAME_BOOK, AMOUNT, ID_AGE_LIMIT, PRICE, ID_BOOK_TYPE) 
    VALUES (7, 'Братья Карамазовы', 8, 2, 1100, 1);
INSERT INTO BOOKS ("id", NAME_BOOK, AMOUNT, ID_AGE_LIMIT, PRICE, ID_BOOK_TYPE) 
    VALUES (8, 'Братья Карамазовы', 7, 2, 1200, 1);
INSERT INTO BOOKS ("id", NAME_BOOK, AMOUNT, ID_AGE_LIMIT, PRICE, ID_BOOK_TYPE) 
    VALUES (9, 'Братья Карамазовы', 6, 2, 1300, 1);
INSERT INTO BOOKS ("id", NAME_BOOK, TOM, AMOUNT, ID_AGE_LIMIT, PRICE, ID_BOOK_TYPE) 
    VALUES (10, 'Тихий Дон. В 2-х томах', 1, 5, 2, 900, 1);
INSERT INTO BOOKS ("id", NAME_BOOK, TOM, AMOUNT, ID_AGE_LIMIT, PRICE, ID_BOOK_TYPE) 
    VALUES (11, 'Тихий Дон. В 2-х томах', 2, 5, 2, 1000, 1);
INSERT INTO BOOKS ("id", NAME_BOOK, AMOUNT, ID_AGE_LIMIT, PRICE, ID_BOOK_TYPE) 
    VALUES (12, 'Отцы и дети', 6, 2, 1200, 1);
INSERT INTO BOOKS ("id", NAME_BOOK, AMOUNT, ID_AGE_LIMIT, PRICE, ID_BOOK_TYPE) 
    VALUES (13, 'Герой нашего времени', 7, 2, 1000, 1);
INSERT INTO BOOKS ("id", NAME_BOOK, AMOUNT, ID_AGE_LIMIT, PRICE, ID_BOOK_TYPE) 
    VALUES (14, 'Горе от ума', 3, 2, 1000, 1);
INSERT INTO BOOKS ("id", NAME_BOOK, AMOUNT, ID_AGE_LIMIT, PRICE, ID_BOOK_TYPE) 
    VALUES (15, 'Педагогическая поэма', 2, 2, 1000, 1);
INSERT INTO BOOKS ("id", NAME_BOOK, AMOUNT, ID_AGE_LIMIT, PRICE, ID_BOOK_TYPE) 
    VALUES (16, 'Вишневый сад', 2, 2, 1000, 1);
INSERT INTO BOOKS ("id", NAME_BOOK, AMOUNT, ID_AGE_LIMIT, PRICE, ID_BOOK_TYPE) 
    VALUES (17, 'Анна Каренина', 2, 2, 1000, 1);
INSERT INTO BOOKS ("id", NAME_BOOK, AMOUNT, ID_AGE_LIMIT, PRICE, ID_BOOK_TYPE) 
    VALUES (18, 'Евгений Онегин', 2, 2, 1000, 1);
INSERT INTO BOOKS ("id", NAME_BOOK, AMOUNT, ID_AGE_LIMIT, PRICE, ID_BOOK_TYPE)
    VALUES (19, 'Судьба человека', 2, 2, 1000, 1);
    
    
INSERT INTO BOOKS ("id", NAME_BOOK, AMOUNT, ID_AGE_LIMIT, PRICE, ID_BOOK_TYPE) 
    VALUES (20, 'Внутри что-то есть', 2, 2, 1000, 1);
INSERT INTO BOOKS ("id", NAME_BOOK, AMOUNT, ID_AGE_LIMIT, PRICE, ID_BOOK_TYPE) 
    VALUES (21, 'Чуть правее сердца. Сборник рассказов', 2, 2, 1000, 1);
INSERT INTO BOOKS ("id", NAME_BOOK, AMOUNT, ID_AGE_LIMIT, PRICE, ID_BOOK_TYPE) 
    VALUES (22, 'Никому не рассказывай', 2, 2, 1000, 1);
INSERT INTO BOOKS ("id", NAME_BOOK, AMOUNT, ID_AGE_LIMIT, PRICE, ID_BOOK_TYPE) 
    VALUES (23, 'Письмо с подснежником', 2, 2, 1000, 1);
INSERT INTO BOOKS ("id", NAME_BOOK, AMOUNT, ID_AGE_LIMIT, PRICE, ID_BOOK_TYPE) 
    VALUES (24, 'Стихи, сказки и рассказы', 2, 2, 1000, 1); 
INSERT INTO BOOKS ("id", NAME_BOOK, AMOUNT, ID_AGE_LIMIT, PRICE, ID_BOOK_TYPE) 
    VALUES (25, 'Сборник лучших смешных рассказов.', 2, 2, 1000, 1);   
INSERT INTO BOOKS ("id", NAME_BOOK, AMOUNT, ID_AGE_LIMIT, PRICE, ID_BOOK_TYPE) 
    VALUES (26, 'Стихи и рассказы о Родине', 2, 2, 1000, 1);   
INSERT INTO BOOKS ("id", NAME_BOOK, AMOUNT, ID_AGE_LIMIT, PRICE, ID_BOOK_TYPE) 
    VALUES (27, 'Все-все-все сказки', 2, 2, 1000, 1);   
INSERT INTO BOOKS ("id", NAME_BOOK, AMOUNT, ID_AGE_LIMIT, PRICE, ID_BOOK_TYPE) 
    VALUES (28, 'Над пропастью в поколение', 2, 2, 1000, 1);  
INSERT INTO BOOKS ("id", NAME_BOOK, AMOUNT, ID_AGE_LIMIT, PRICE, ID_BOOK_TYPE) 
    VALUES (29, 'Сказки и рассказы русских писателей', 2, 2, 1000, 1);
INSERT INTO BOOKS ("id", NAME_BOOK, AMOUNT, ID_AGE_LIMIT, PRICE, ID_BOOK_TYPE) 
    VALUES (30, '1000 рассказов, сказок и стихов', 2, 2, 1000, 1);
    /*Журналы*/
INSERT INTO BOOKS ("id", NAME_BOOK, AMOUNT, ID_AGE_LIMIT, PRICE, ID_BOOK_TYPE) 
    VALUES (31, 'Наука и жеизннь', 1, 2, 150, 2); 
    /*Газеты*/
INSERT INTO BOOKS ("id", NAME_BOOK, AMOUNT, ID_AGE_LIMIT, PRICE, ID_BOOK_TYPE) 
    VALUES (32, 'Комсомольская правда', 1, 2, 50, 3);  
    
/*заполняем AUTHOR*/
INSERT INTO AUTHOR ("id", AUTHOR) VALUES (1, 'Толстой');
INSERT INTO AUTHOR ("id", AUTHOR) VALUES (2, 'Достоевский');
INSERT INTO AUTHOR ("id", AUTHOR) VALUES (3, 'Шолохов');
INSERT INTO AUTHOR ("id", AUTHOR) VALUES (4, 'Тургенев');
INSERT INTO AUTHOR ("id", AUTHOR) VALUES (5, 'Лермонтов');
INSERT INTO AUTHOR ("id", AUTHOR) VALUES (6, 'Грибоедов');
INSERT INTO AUTHOR ("id", AUTHOR) VALUES (7, 'Макаренко');
INSERT INTO AUTHOR ("id", AUTHOR) VALUES (8, 'Гоголь');
INSERT INTO AUTHOR ("id", AUTHOR) VALUES (9, 'Чехов');
INSERT INTO AUTHOR ("id", AUTHOR) VALUES (10, 'Пушкин');
INSERT INTO AUTHOR ("id", AUTHOR) VALUES (11, 'Басова');
INSERT INTO AUTHOR ("id", AUTHOR) VALUES (12, 'Минаев');
INSERT INTO AUTHOR ("id", AUTHOR) VALUES (13, 'Дашевская');
INSERT INTO AUTHOR ("id", AUTHOR) VALUES (14, 'Кравченко');
INSERT INTO AUTHOR ("id", AUTHOR) VALUES (15, 'Богатырёва');
INSERT INTO AUTHOR ("id", AUTHOR) VALUES (16, 'Ключарёва');
INSERT INTO AUTHOR ("id", AUTHOR) VALUES (17, 'Сазонова');
INSERT INTO AUTHOR ("id", AUTHOR) VALUES (18, 'Ленковскаая');
INSERT INTO AUTHOR ("id", AUTHOR) VALUES (19, 'Сладков');
INSERT INTO AUTHOR ("id", AUTHOR) VALUES (20, 'Машковская');
INSERT INTO AUTHOR ("id", AUTHOR) VALUES (21, 'Твен');
INSERT INTO AUTHOR ("id", AUTHOR) VALUES (22, 'Джером');
INSERT INTO AUTHOR ("id", AUTHOR) VALUES (23, 'Кухаркин');
INSERT INTO AUTHOR ("id", AUTHOR) VALUES (24, 'Михалков');
INSERT INTO AUTHOR ("id", AUTHOR) VALUES (25, 'Драгунский');
INSERT INTO AUTHOR ("id", AUTHOR) VALUES (26, 'Крусанов');
INSERT INTO AUTHOR ("id", AUTHOR) VALUES (27, 'Бажов');
INSERT INTO AUTHOR ("id", AUTHOR) VALUES (28, 'Пришвин');
INSERT INTO AUTHOR ("id", AUTHOR) VALUES (29, 'Тютчев');
INSERT INTO AUTHOR ("id", AUTHOR) VALUES (30, 'Есенин');

/*заполняем AUTHOR_BOOK*/
INSERT INTO AUTHOR_BOOK ("id", ID_BOOK, ID_AUTHOR) VALUES (1, 1, 1);
INSERT INTO AUTHOR_BOOK ("id", ID_BOOK, ID_AUTHOR) VALUES (2, 2, 1);
INSERT INTO AUTHOR_BOOK ("id", ID_BOOK, ID_AUTHOR) VALUES (3, 3, 1);
INSERT INTO AUTHOR_BOOK ("id", ID_BOOK, ID_AUTHOR) VALUES (4, 4, 1);
INSERT INTO AUTHOR_BOOK ("id", ID_BOOK, ID_AUTHOR) VALUES (5, 5, 2);
INSERT INTO AUTHOR_BOOK ("id", ID_BOOK, ID_AUTHOR) VALUES (6, 6, 2);
INSERT INTO AUTHOR_BOOK ("id", ID_BOOK, ID_AUTHOR) VALUES (7, 7, 2);
INSERT INTO AUTHOR_BOOK ("id", ID_BOOK, ID_AUTHOR) VALUES (7, 8, 2);
INSERT INTO AUTHOR_BOOK ("id", ID_BOOK, ID_AUTHOR) VALUES (8, 9, 2);
INSERT INTO AUTHOR_BOOK ("id", ID_BOOK, ID_AUTHOR) VALUES (9, 10, 3);
INSERT INTO AUTHOR_BOOK ("id", ID_BOOK, ID_AUTHOR) VALUES (10, 11, 3);
INSERT INTO AUTHOR_BOOK ("id", ID_BOOK, ID_AUTHOR) VALUES (11, 12,4);
INSERT INTO AUTHOR_BOOK ("id", ID_BOOK, ID_AUTHOR) VALUES (12, 13, 5);
INSERT INTO AUTHOR_BOOK ("id", ID_BOOK, ID_AUTHOR) VALUES (13, 14, 6);
INSERT INTO AUTHOR_BOOK ("id", ID_BOOK, ID_AUTHOR) VALUES (14, 15, 7);
INSERT INTO AUTHOR_BOOK ("id", ID_BOOK, ID_AUTHOR) VALUES (15, 16, 8);
INSERT INTO AUTHOR_BOOK ("id", ID_BOOK, ID_AUTHOR) VALUES (16, 17, 1);
INSERT INTO AUTHOR_BOOK ("id", ID_BOOK, ID_AUTHOR) VALUES (17, 18, 10);
INSERT INTO AUTHOR_BOOK ("id", ID_BOOK, ID_AUTHOR) VALUES (18, 19, 9);
INSERT INTO AUTHOR_BOOK ("id", ID_BOOK, ID_AUTHOR) VALUES (19, 20, 11);
INSERT INTO AUTHOR_BOOK ("id", ID_BOOK, ID_AUTHOR) VALUES (20, 20, 12);
INSERT INTO AUTHOR_BOOK ("id", ID_BOOK, ID_AUTHOR) VALUES (21, 21, 13);
INSERT INTO AUTHOR_BOOK ("id", ID_BOOK, ID_AUTHOR) VALUES (22, 21, 14);
INSERT INTO AUTHOR_BOOK ("id", ID_BOOK, ID_AUTHOR) VALUES (23, 22, 15);
INSERT INTO AUTHOR_BOOK ("id", ID_BOOK, ID_AUTHOR) VALUES (24, 22, 16);
INSERT INTO AUTHOR_BOOK ("id", ID_BOOK, ID_AUTHOR) VALUES (25, 23, 17);
INSERT INTO AUTHOR_BOOK ("id", ID_BOOK, ID_AUTHOR) VALUES (26, 23, 18);
INSERT INTO AUTHOR_BOOK ("id", ID_BOOK, ID_AUTHOR) VALUES (27, 24, 19);
INSERT INTO AUTHOR_BOOK ("id", ID_BOOK, ID_AUTHOR) VALUES (28, 24, 20);
INSERT INTO AUTHOR_BOOK ("id", ID_BOOK, ID_AUTHOR) VALUES (29, 25, 21);
INSERT INTO AUTHOR_BOOK ("id", ID_BOOK, ID_AUTHOR) VALUES (30, 25, 22);
INSERT INTO AUTHOR_BOOK ("id", ID_BOOK, ID_AUTHOR) VALUES (31, 26, 23);
INSERT INTO AUTHOR_BOOK ("id", ID_BOOK, ID_AUTHOR) VALUES (32, 26, 24);
INSERT INTO AUTHOR_BOOK ("id", ID_BOOK, ID_AUTHOR) VALUES (33, 27, 1);
INSERT INTO AUTHOR_BOOK ("id", ID_BOOK, ID_AUTHOR) VALUES (34, 27, 10);
INSERT INTO AUTHOR_BOOK ("id", ID_BOOK, ID_AUTHOR) VALUES (35, 28, 25);
INSERT INTO AUTHOR_BOOK ("id", ID_BOOK, ID_AUTHOR) VALUES (36, 28, 26);
INSERT INTO AUTHOR_BOOK ("id", ID_BOOK, ID_AUTHOR) VALUES (37, 29, 27);
INSERT INTO AUTHOR_BOOK ("id", ID_BOOK, ID_AUTHOR) VALUES (38, 29, 28);
INSERT INTO AUTHOR_BOOK ("id", ID_BOOK, ID_AUTHOR) VALUES (39, 30, 29);
INSERT INTO AUTHOR_BOOK ("id", ID_BOOK, ID_AUTHOR) VALUES (40, 30, 30);
    
/*заполняем PUBLISHING_HOUSE*/ 
INSERT INTO PUBLISHING_HOUSE VALUES (1, 'Эксмо');
INSERT INTO PUBLISHING_HOUSE VALUES (2, 'Речь');
INSERT INTO PUBLISHING_HOUSE VALUES (3, 'Академический проект');
INSERT INTO PUBLISHING_HOUSE VALUES (4, 'Классика речи');
INSERT INTO PUBLISHING_HOUSE VALUES (5, 'АСТ');
INSERT INTO PUBLISHING_HOUSE VALUES (6, 'Молодая гвардия');
INSERT INTO PUBLISHING_HOUSE VALUES (7, 'Литер');
INSERT INTO PUBLISHING_HOUSE VALUES (8, 'Альфа-книга');
INSERT INTO PUBLISHING_HOUSE VALUES (9, 'Родина');

/*заполняем PUBLISHING_HOUSE_BOOK*/
INSERT INTO PUBLISHING_HOUSE_BOOK VALUES (1, 1, 5);
INSERT INTO PUBLISHING_HOUSE_BOOK VALUES (2, 1, 6);
INSERT INTO PUBLISHING_HOUSE_BOOK VALUES (3, 1, 7);
INSERT INTO PUBLISHING_HOUSE_BOOK VALUES (4, 1, 8);
INSERT INTO PUBLISHING_HOUSE_BOOK VALUES (5, 1, 9);
INSERT INTO PUBLISHING_HOUSE_BOOK VALUES (6, 2, 1);
INSERT INTO PUBLISHING_HOUSE_BOOK VALUES (7, 3, 2);
INSERT INTO PUBLISHING_HOUSE_BOOK VALUES (8, 4, 3);
INSERT INTO PUBLISHING_HOUSE_BOOK VALUES (9, 5, 4);
INSERT INTO PUBLISHING_HOUSE_BOOK VALUES (10, 6, 10);
INSERT INTO PUBLISHING_HOUSE_BOOK VALUES (11, 7, 11);
INSERT INTO PUBLISHING_HOUSE_BOOK VALUES (12, 8, 12);
INSERT INTO PUBLISHING_HOUSE_BOOK VALUES (13, 9, 13);
INSERT INTO PUBLISHING_HOUSE_BOOK VALUES (14, 8, 14);
INSERT INTO PUBLISHING_HOUSE_BOOK VALUES (15, 7, 15);
INSERT INTO PUBLISHING_HOUSE_BOOK VALUES (16, 6, 16);
INSERT INTO PUBLISHING_HOUSE_BOOK VALUES (17, 1, 17);
INSERT INTO PUBLISHING_HOUSE_BOOK VALUES (18, 2, 18);
INSERT INTO PUBLISHING_HOUSE_BOOK VALUES (19, 3, 19);
INSERT INTO PUBLISHING_HOUSE_BOOK VALUES (20, 4, 20);
INSERT INTO PUBLISHING_HOUSE_BOOK VALUES (21, 5, 21);
INSERT INTO PUBLISHING_HOUSE_BOOK VALUES (22, 6, 22);
INSERT INTO PUBLISHING_HOUSE_BOOK VALUES (23, 7, 23);
INSERT INTO PUBLISHING_HOUSE_BOOK VALUES (24, 8, 24);
INSERT INTO PUBLISHING_HOUSE_BOOK VALUES (25, 9, 25);
INSERT INTO PUBLISHING_HOUSE_BOOK VALUES (26, 1, 26);
INSERT INTO PUBLISHING_HOUSE_BOOK VALUES (27, 2, 27);
INSERT INTO PUBLISHING_HOUSE_BOOK VALUES (28, 3, 28);
INSERT INTO PUBLISHING_HOUSE_BOOK VALUES (29, 4, 29);
INSERT INTO PUBLISHING_HOUSE_BOOK VALUES (30, 5, 30);

/*заполняем LIBRARY_CARD*/
INSERT INTO LIBRARY_CARD ("id", NAME_READERS, SURNAME_READERS, SUM_FINES, ID_ROLE, DATE_OF_BIRTH, DATE_OF_ISSUE_CARD, ID_READER_RATING, AGE_READERS) 
    VALUES (1, 'Антон', 'Шилов', 0, 1, TO_DATE('1986/07/10', 'yyyy/mm/dd'), TO_DATE('2019/07/22', 'yyyy/mm/dd'), 5, TRUNC(MONTHS_BETWEEN(CURRENT_DATE,TO_DATE('1986/07/10', 'yyyy/mm/dd')) / 12));
INSERT INTO LIBRARY_CARD ("id", NAME_READERS, SURNAME_READERS, SUM_FINES, ID_ROLE, DATE_OF_BIRTH, DATE_OF_ISSUE_CARD, ID_READER_RATING, AGE_READERS) 
    VALUES (2, 'Сергей', 'Яхно', 0, 1, TO_DATE('1985/12/25', 'yyyy/mm/dd'), TO_DATE('2020/07/15', 'yyyy/mm/dd'), 2, TRUNC(MONTHS_BETWEEN(CURRENT_DATE,TO_DATE('1985/12/25', 'yyyy/mm/dd')) / 12));
INSERT INTO LIBRARY_CARD ("id", NAME_READERS, SURNAME_READERS, SUM_FINES, ID_ROLE, DATE_OF_BIRTH, DATE_OF_ISSUE_CARD, ID_READER_RATING, AGE_READERS) 
    VALUES (3, 'Павел', 'Струк', 0, 1, TO_DATE('1980/01/01', 'yyyy/mm/dd'), TO_DATE('2015/12/14', 'yyyy/mm/dd'), 3, TRUNC(MONTHS_BETWEEN(CURRENT_DATE,TO_DATE('1980/01/01', 'yyyy/mm/dd')) / 12));
INSERT INTO LIBRARY_CARD ("id", NAME_READERS, SURNAME_READERS, SUM_FINES, ID_ROLE, DATE_OF_BIRTH, DATE_OF_ISSUE_CARD, ID_READER_RATING, AGE_READERS) 
    VALUES (4, 'Анатолий', 'Вассерман', 100, 1, TO_DATE('1996/05/11', 'yyyy/mm/dd'), TO_DATE('2016/11/10', 'yyyy/mm/dd'), 4, TRUNC(MONTHS_BETWEEN(CURRENT_DATE,TO_DATE('1996/05/11', 'yyyy/mm/dd')) / 12));
INSERT INTO LIBRARY_CARD ("id", NAME_READERS, SURNAME_READERS, SUM_FINES, ID_ROLE, DATE_OF_BIRTH, DATE_OF_ISSUE_CARD, ID_READER_RATING, AGE_READERS) 
    VALUES (5, 'Наташа', 'Плотникова', 200, 1, TO_DATE('1982/03/01', 'yyyy/mm/dd'), TO_DATE('2021/10/26', 'yyyy/mm/dd'), 5, TRUNC(MONTHS_BETWEEN(CURRENT_DATE,TO_DATE('1982/03/01', 'yyyy/mm/dd')) / 12));
INSERT INTO LIBRARY_CARD ("id", NAME_READERS, SURNAME_READERS, SUM_FINES, ID_ROLE, DATE_OF_BIRTH, DATE_OF_ISSUE_CARD, ID_READER_RATING, AGE_READERS) 
    VALUES (6, 'Татьяна', 'Шилова', 0, 1, TO_DATE('2000/06/20', 'yyyy/mm/dd'), TO_DATE('2016/09/17', 'yyyy/mm/dd'), 1, TRUNC(MONTHS_BETWEEN(CURRENT_DATE,TO_DATE('2000/06/20', 'yyyy/mm/dd')) / 12));
INSERT INTO LIBRARY_CARD ("id", NAME_READERS, SURNAME_READERS, SUM_FINES, ID_ROLE, DATE_OF_BIRTH, DATE_OF_ISSUE_CARD, ID_READER_RATING, AGE_READERS) 
    VALUES (7, 'Марина', 'Гаврилова', 300, 1, TO_DATE('1985/07/10', 'yyyy/mm/dd'), TO_DATE('2019/07/18', 'yyyy/mm/dd'), 2, TRUNC(MONTHS_BETWEEN(CURRENT_DATE,TO_DATE('1985/07/10', 'yyyy/mm/dd')) / 12));
INSERT INTO LIBRARY_CARD ("id", NAME_READERS, SURNAME_READERS, SUM_FINES, ID_ROLE, DATE_OF_BIRTH, DATE_OF_ISSUE_CARD, ID_READER_RATING, AGE_READERS) 
    VALUES (8, 'Кирилл', 'Сайко', 0, 1, TO_DATE('1989/09/05', 'yyyy/mm/dd'), TO_DATE('2017/08/09', 'yyyy/mm/dd'), 3, TRUNC(MONTHS_BETWEEN(CURRENT_DATE,TO_DATE('1989/09/05', 'yyyy/mm/dd')) / 12));
INSERT INTO LIBRARY_CARD ("id", NAME_READERS, SURNAME_READERS, SUM_FINES, ID_ROLE, DATE_OF_BIRTH, DATE_OF_ISSUE_CARD, ID_READER_RATING, AGE_READERS) 
    VALUES (9, 'Виталий', 'Игнатьев', 0, 1, TO_DATE('1992/08/15', 'yyyy/mm/dd'), TO_DATE('2017/06/06', 'yyyy/mm/dd'), 4, TRUNC(MONTHS_BETWEEN(CURRENT_DATE,TO_DATE('1992/08/15', 'yyyy/mm/dd')) / 12));
INSERT INTO LIBRARY_CARD ("id", NAME_READERS, SURNAME_READERS, SUM_FINES, ID_ROLE, DATE_OF_BIRTH, DATE_OF_ISSUE_CARD, ID_READER_RATING, AGE_READERS) 
    VALUES (10, 'Алексей', 'Даль', 0, 1, TO_DATE('1993/11/26', 'yyyy/mm/dd'), TO_DATE('2019/05/05', 'yyyy/mm/dd'), 5, TRUNC(MONTHS_BETWEEN(CURRENT_DATE,TO_DATE('1993/11/26', 'yyyy/mm/dd')) / 12));
INSERT INTO LIBRARY_CARD ("id", NAME_READERS, SURNAME_READERS, SUM_FINES, ID_ROLE, DATE_OF_BIRTH, DATE_OF_ISSUE_CARD, ID_READER_RATING, AGE_READERS) 
    VALUES (11, 'Павел', 'Коврижных', 0, 1, TO_DATE('1995/02/09', 'yyyy/mm/dd'), TO_DATE('2018/04/01', 'yyyy/mm/dd'), 1, TRUNC(MONTHS_BETWEEN(CURRENT_DATE,TO_DATE('1995/02/09', 'yyyy/mm/dd')) / 12));
INSERT INTO LIBRARY_CARD ("id", NAME_READERS, SURNAME_READERS, SUM_FINES, ID_ROLE, DATE_OF_BIRTH, DATE_OF_ISSUE_CARD, ID_READER_RATING, AGE_READERS) 
    VALUES (12, 'Дмитрий', 'Лобанов', 0, 1, TO_DATE('1973/04/05', 'yyyy/mm/dd'), TO_DATE('2020/03/02', 'yyyy/mm/dd'), 2, TRUNC(MONTHS_BETWEEN(CURRENT_DATE,TO_DATE('1973/04/05', 'yyyy/mm/dd')) / 12));
INSERT INTO LIBRARY_CARD ("id", NAME_READERS, SURNAME_READERS, SUM_FINES, ID_ROLE, DATE_OF_BIRTH, DATE_OF_ISSUE_CARD, ID_READER_RATING, AGE_READERS) 
    VALUES (13, 'Александр', 'Горбатюк', 0, 2, TO_DATE('1956/06/21', 'yyyy/mm/dd'), TO_DATE('2020/02/03', 'yyyy/mm/dd'), 3, TRUNC(MONTHS_BETWEEN(CURRENT_DATE,TO_DATE('1956/06/21', 'yyyy/mm/dd')) / 12));
INSERT INTO LIBRARY_CARD ("id", NAME_READERS, SURNAME_READERS, SUM_FINES, ID_ROLE, DATE_OF_BIRTH, DATE_OF_ISSUE_CARD, ID_READER_RATING, AGE_READERS) 
    VALUES (14, 'Татьяна', 'Голикова', 0, 2, TO_DATE('1999/06/14', 'yyyy/mm/dd'), TO_DATE('2020/07/01', 'yyyy/mm/dd'), 4, TRUNC(MONTHS_BETWEEN(CURRENT_DATE,TO_DATE('1999/06/14', 'yyyy/mm/dd')) / 12));
INSERT INTO LIBRARY_CARD ("id", NAME_READERS, SURNAME_READERS, SUM_FINES, ID_ROLE, DATE_OF_BIRTH, DATE_OF_ISSUE_CARD, ID_READER_RATING, AGE_READERS) 
    VALUES (15, 'Екатерина', 'Симбирцева', 0, 2, TO_DATE('1978/12/11', 'yyyy/mm/dd'), TO_DATE('2021/12/09', 'yyyy/mm/dd'), 5, TRUNC(MONTHS_BETWEEN(CURRENT_DATE,TO_DATE('1978/12/11', 'yyyy/mm/dd')) / 12));
INSERT INTO LIBRARY_CARD ("id", NAME_READERS, SURNAME_READERS, SUM_FINES, ID_ROLE, DATE_OF_BIRTH, DATE_OF_ISSUE_CARD, ID_READER_RATING, AGE_READERS) 
    VALUES (16, 'Максим', 'Новицкий', 0, 2, TO_DATE('1988/04/22', 'yyyy/mm/dd'), TO_DATE('2020/11/10', 'yyyy/mm/dd'), 1, TRUNC(MONTHS_BETWEEN(CURRENT_DATE,TO_DATE('1988/04/22', 'yyyy/mm/dd')) / 12));
INSERT INTO LIBRARY_CARD ("id", NAME_READERS, SURNAME_READERS, SUM_FINES, ID_ROLE, DATE_OF_BIRTH, DATE_OF_ISSUE_CARD, ID_READER_RATING, AGE_READERS) 
    VALUES (17, 'Евгений', 'Максимов', 0, 2, TO_DATE('1987/08/12', 'yyyy/mm/dd'), TO_DATE('2019/10/15', 'yyyy/mm/dd'), 2, TRUNC(MONTHS_BETWEEN(CURRENT_DATE,TO_DATE('1987/08/12', 'yyyy/mm/dd')) / 12));
INSERT INTO LIBRARY_CARD ("id", NAME_READERS, SURNAME_READERS, SUM_FINES, ID_ROLE, DATE_OF_BIRTH, DATE_OF_ISSUE_CARD, ID_READER_RATING, AGE_READERS) 
    VALUES (18, 'Евгения', 'Алексеева', 0, 2, TO_DATE('1995/02/09', 'yyyy/mm/dd'), TO_DATE('2017/09/03', 'yyyy/mm/dd'), 3, TRUNC(MONTHS_BETWEEN(CURRENT_DATE,TO_DATE('1995/02/09', 'yyyy/mm/dd')) / 12));
INSERT INTO LIBRARY_CARD ("id", NAME_READERS, SURNAME_READERS, SUM_FINES, ID_ROLE, DATE_OF_BIRTH, DATE_OF_ISSUE_CARD, ID_READER_RATING, AGE_READERS) 
    VALUES (19, 'Дарья', 'Анохина', 0, 2, TO_DATE('1992/10/23', 'yyyy/mm/dd'), TO_DATE('2019/08/09', 'yyyy/mm/dd'), 4, TRUNC(MONTHS_BETWEEN(CURRENT_DATE,TO_DATE('1992/10/23', 'yyyy/mm/dd')) / 12));
INSERT INTO LIBRARY_CARD ("id", NAME_READERS, SURNAME_READERS, SUM_FINES, ID_ROLE, DATE_OF_BIRTH, DATE_OF_ISSUE_CARD, ID_READER_RATING, AGE_READERS) 
    VALUES (20, 'Дмитрий', 'Голуб', 0, 2, TO_DATE('1990/01/07', 'yyyy/mm/dd'), TO_DATE('2019/06/29', 'yyyy/mm/dd'), 1, TRUNC(MONTHS_BETWEEN(CURRENT_DATE,TO_DATE('1990/01/07', 'yyyy/mm/dd')) / 12));

/*заполняем ROLES*/
INSERT INTO "ROLES" VALUES (1, 'Клиент');
INSERT INTO "ROLES" VALUES (2, 'Сотрудник библиотеки');

/*заполняем BOOK_TYPE*/
INSERT INTO BOOK_TYPE VALUES (1, 'Книга');
INSERT INTO BOOK_TYPE VALUES (2, 'Журнал');
INSERT INTO BOOK_TYPE VALUES (3, 'Газета');

/*заполняем GENRES*/
INSERT INTO GENRES VALUES (1, 'Детектив');
INSERT INTO GENRES VALUES (2, 'Триллер');
INSERT INTO GENRES VALUES (3, 'Приключения');
INSERT INTO GENRES VALUES (4, 'Авангардная литература');
INSERT INTO GENRES VALUES (5, 'Боевик');
INSERT INTO GENRES VALUES (6, 'Исторический роман');
INSERT INTO GENRES VALUES (7, 'Любовный роман');
INSERT INTO GENRES VALUES (8, 'Мистика');
INSERT INTO GENRES VALUES (9, 'Триллер/ужасы');
INSERT INTO GENRES VALUES (10, 'Фантастика');
INSERT INTO GENRES VALUES (11, 'Фэнтези');
INSERT INTO GENRES VALUES (12, 'Сказки');

/*заполняем AGE_LIMIT*/
INSERT INTO AGE_LIMIT VALUES (1, 0);
INSERT INTO AGE_LIMIT VALUES (2, 6);
INSERT INTO AGE_LIMIT VALUES (3, 12);
INSERT INTO AGE_LIMIT VALUES (4, 16);
INSERT INTO AGE_LIMIT VALUES (5, 18);













