/*заполняем books*/
INSERT INTO BOOKS ("id", NAME_BOOK, TOM, ID_AGE_LIMIT, PRICE, ID_BOOK_TYPE, ID_PUBLISHING_HOUSE, YEAR_OF_PUBLISHING) 
    VALUES (1, 'Война и мир', 1, 1, 1500, 1, 9, 1986);
INSERT INTO BOOKS ("id", NAME_BOOK, TOM, ID_AGE_LIMIT, PRICE, ID_BOOK_TYPE, ID_PUBLISHING_HOUSE, YEAR_OF_PUBLISHING) 
    VALUES (2, 'Война и мир', 2, 1, 1400, 1, 8, 1987);
INSERT INTO BOOKS ("id", NAME_BOOK, TOM, ID_AGE_LIMIT, PRICE, ID_BOOK_TYPE, ID_PUBLISHING_HOUSE, YEAR_OF_PUBLISHING) 
    VALUES (3, 'Война и мир', 3, 1, 1300, 1, 7, 1988);
INSERT INTO BOOKS ("id", NAME_BOOK, TOM, ID_AGE_LIMIT, PRICE, ID_BOOK_TYPE, ID_PUBLISHING_HOUSE, YEAR_OF_PUBLISHING) 
    VALUES (4, 'Война и мир', 4, 1, 1200, 1, 6, 1989);
INSERT INTO BOOKS ("id", NAME_BOOK, ID_AGE_LIMIT, PRICE, ID_BOOK_TYPE, ID_PUBLISHING_HOUSE, YEAR_OF_PUBLISHING) 
    VALUES (5, 'Братья Карамазовы', 2, 1000, 1, 5, 1990);
INSERT INTO BOOKS ("id", NAME_BOOK, ID_AGE_LIMIT, PRICE, ID_BOOK_TYPE, ID_PUBLISHING_HOUSE, YEAR_OF_PUBLISHING) 
    VALUES (6, 'Братья Карамазовы', 2, 900, 1, 4, 1991);
INSERT INTO BOOKS ("id", NAME_BOOK, ID_AGE_LIMIT, PRICE, ID_BOOK_TYPE, ID_PUBLISHING_HOUSE, YEAR_OF_PUBLISHING) 
    VALUES (7, 'Братья Карамазовы', 2, 1100, 1, 3, 1992);
INSERT INTO BOOKS ("id", NAME_BOOK, ID_AGE_LIMIT, PRICE, ID_BOOK_TYPE, ID_PUBLISHING_HOUSE, YEAR_OF_PUBLISHING) 
    VALUES (8, 'Братья Карамазовы', 2, 1200, 1, 2, 1993);
INSERT INTO BOOKS ("id", NAME_BOOK, ID_AGE_LIMIT, PRICE, ID_BOOK_TYPE, ID_PUBLISHING_HOUSE, YEAR_OF_PUBLISHING) 
    VALUES (9, 'Братья Карамазовы', 2, 1300, 1, 1, 1994);
INSERT INTO BOOKS ("id", NAME_BOOK, TOM, ID_AGE_LIMIT, PRICE, ID_BOOK_TYPE, ID_PUBLISHING_HOUSE, YEAR_OF_PUBLISHING) 
    VALUES (10, 'Тихий Дон. В 2-х томах', 1, 2, 900, 1, 2, 1995);
INSERT INTO BOOKS ("id", NAME_BOOK, TOM, ID_AGE_LIMIT, PRICE, ID_BOOK_TYPE, ID_PUBLISHING_HOUSE, YEAR_OF_PUBLISHING) 
    VALUES (11, 'Тихий Дон. В 2-х томах', 2, 2, 1000, 1, 3, 1996);
INSERT INTO BOOKS ("id", NAME_BOOK, ID_AGE_LIMIT, PRICE, ID_BOOK_TYPE, ID_PUBLISHING_HOUSE, YEAR_OF_PUBLISHING) 
    VALUES (12, 'Отцы и дети', 3, 1200, 1, 4, 1997);
INSERT INTO BOOKS ("id", NAME_BOOK, ID_AGE_LIMIT, PRICE, ID_BOOK_TYPE, ID_PUBLISHING_HOUSE, YEAR_OF_PUBLISHING) 
    VALUES (13, 'Герой нашего времени', 7, 1000, 1, 5, 1998);
INSERT INTO BOOKS ("id", NAME_BOOK, ID_AGE_LIMIT, PRICE, ID_BOOK_TYPE, ID_PUBLISHING_HOUSE, YEAR_OF_PUBLISHING) 
    VALUES (14, 'Горе от ума', 3, 1000, 1, 6, 1999);
INSERT INTO BOOKS ("id", NAME_BOOK, ID_AGE_LIMIT, PRICE, ID_BOOK_TYPE, ID_PUBLISHING_HOUSE, YEAR_OF_PUBLISHING) 
    VALUES (15, 'Педагогическая поэма', 2, 1000, 1, 7, 2000);
INSERT INTO BOOKS ("id", NAME_BOOK, ID_AGE_LIMIT, PRICE, ID_BOOK_TYPE, ID_PUBLISHING_HOUSE, YEAR_OF_PUBLISHING) 
    VALUES (16, 'Вишневый сад', 2, 1000, 1, 8, 2001);
INSERT INTO BOOKS ("id", NAME_BOOK, ID_AGE_LIMIT, PRICE, ID_BOOK_TYPE, ID_PUBLISHING_HOUSE, YEAR_OF_PUBLISHING) 
    VALUES (17, 'Анна Каренина', 2, 1000, 1, 9, 2002);
INSERT INTO BOOKS ("id", NAME_BOOK, ID_AGE_LIMIT, PRICE, ID_BOOK_TYPE, ID_PUBLISHING_HOUSE, YEAR_OF_PUBLISHING) 
    VALUES (18, 'Евгений Онегин', 2, 1000, 1, 8, 2003);
INSERT INTO BOOKS ("id", NAME_BOOK, ID_AGE_LIMIT, PRICE, ID_BOOK_TYPE, ID_PUBLISHING_HOUSE, YEAR_OF_PUBLISHING)
    VALUES (19, 'Судьба человека', 2, 1000, 1, 7, 2004);
    
    
INSERT INTO BOOKS ("id", NAME_BOOK, ID_AGE_LIMIT, PRICE, ID_BOOK_TYPE, ID_PUBLISHING_HOUSE, YEAR_OF_PUBLISHING) 
    VALUES (20, 'Внутри что-то есть', 2, 1000, 1, 6, 2005);
INSERT INTO BOOKS ("id", NAME_BOOK, ID_AGE_LIMIT, PRICE, ID_BOOK_TYPE, ID_PUBLISHING_HOUSE, YEAR_OF_PUBLISHING) 
    VALUES (21, 'Чуть правее сердца. Сборник рассказов', 2, 1000, 1, 5, 2006);
INSERT INTO BOOKS ("id", NAME_BOOK, ID_AGE_LIMIT, PRICE, ID_BOOK_TYPE, ID_PUBLISHING_HOUSE, YEAR_OF_PUBLISHING) 
    VALUES (22, 'Никому не рассказывай', 2, 1000, 1, 4, 2007);
INSERT INTO BOOKS ("id", NAME_BOOK, ID_AGE_LIMIT, PRICE, ID_BOOK_TYPE, ID_PUBLISHING_HOUSE, YEAR_OF_PUBLISHING) 
    VALUES (23, 'Письмо с подснежником', 2, 1000, 1, 5, 2008);
INSERT INTO BOOKS ("id", NAME_BOOK, ID_AGE_LIMIT, PRICE, ID_BOOK_TYPE, ID_PUBLISHING_HOUSE, YEAR_OF_PUBLISHING) 
    VALUES (24, 'Стихи, сказки и рассказы', 2, 1000, 1, 6, 2009); 
INSERT INTO BOOKS ("id", NAME_BOOK, ID_AGE_LIMIT, PRICE, ID_BOOK_TYPE, ID_PUBLISHING_HOUSE, YEAR_OF_PUBLISHING) 
    VALUES (25, 'Сборник лучших смешных рассказов.', 2, 1000, 1, 3, 2010);   
INSERT INTO BOOKS ("id", NAME_BOOK, ID_AGE_LIMIT, PRICE, ID_BOOK_TYPE, ID_PUBLISHING_HOUSE, YEAR_OF_PUBLISHING) 
    VALUES (26, 'Стихи и рассказы о Родине', 2, 1000, 1, 2, 2011);   
INSERT INTO BOOKS ("id", NAME_BOOK, ID_AGE_LIMIT, PRICE, ID_BOOK_TYPE, ID_PUBLISHING_HOUSE, YEAR_OF_PUBLISHING) 
    VALUES (27, 'Все-все-все сказки', 2, 1000, 1, 1, 2012);   
INSERT INTO BOOKS ("id", NAME_BOOK, ID_AGE_LIMIT, PRICE, ID_BOOK_TYPE, ID_PUBLISHING_HOUSE, YEAR_OF_PUBLISHING) 
    VALUES (28, 'Над пропастью в поколение', 2, 1000, 1, 2, 2013);  
INSERT INTO BOOKS ("id", NAME_BOOK, ID_AGE_LIMIT, PRICE, ID_BOOK_TYPE, ID_PUBLISHING_HOUSE, YEAR_OF_PUBLISHING) 
    VALUES (29, 'Сказки и рассказы русских писателей', 2, 1000, 1, 3, 2014);
INSERT INTO BOOKS ("id", NAME_BOOK, ID_AGE_LIMIT, PRICE, ID_BOOK_TYPE, ID_PUBLISHING_HOUSE, YEAR_OF_PUBLISHING) 
    VALUES (30, '1000 рассказов, сказок и стихов', 1, 1000, 1, 4, 2015);
    /*Журналы*/
INSERT INTO BOOKS ("id", NAME_BOOK, ID_AGE_LIMIT, PRICE, ID_BOOK_TYPE, ID_PUBLISHING_HOUSE, YEAR_OF_PUBLISHING) 
    VALUES (31, 'Наука и жеизннь', 1, 150, 2, 5, 2017); 
    /*Газеты*/
INSERT INTO BOOKS ("id", NAME_BOOK, ID_AGE_LIMIT, PRICE, ID_BOOK_TYPE, ID_PUBLISHING_HOUSE, YEAR_OF_PUBLISHING) 
    VALUES (32, 'Комсомольская правда', 1, 50, 3, 6, 2018);
    
INSERT INTO BOOKS ("id", NAME_BOOK, ID_AGE_LIMIT, PRICE, ID_BOOK_TYPE, ID_PUBLISHING_HOUSE, YEAR_OF_PUBLISHING) 
    VALUES (33, 'Аргументы и факты', 1, 50, 3, 6, 2017);
    
/*INSERT INTO BOOKS ("id", NAME_BOOK, ID_AGE_LIMIT, PRICE, ID_BOOK_TYPE, ID_PUBLISHING_HOUSE, YEAR_OF_PUBLISHING) 
    VALUES (books_sequence.nextval, 'Аргументы и факты', 1, 2, 50, 3, 6, 2017);*/
    
    
/*заполняем AUTHOR*/
INSERT INTO AUTHOR ("id", AUTHOR_LASTNAME, AUTHOR_FIRSTNAME, AUTHOR_PATRONYMIC) VALUES (1, 'Толстой', 'Лев', 'Николаевич');
INSERT INTO AUTHOR ("id", AUTHOR_LASTNAME, AUTHOR_FIRSTNAME, AUTHOR_PATRONYMIC) VALUES (2, 'Достоевский', 'Фёдор', 'Михайлович');
INSERT INTO AUTHOR ("id", AUTHOR_LASTNAME) VALUES (3, 'Шолохов');
INSERT INTO AUTHOR ("id", AUTHOR_LASTNAME) VALUES (4, 'Тургенев');
INSERT INTO AUTHOR ("id", AUTHOR_LASTNAME) VALUES (5, 'Лермонтов');
INSERT INTO AUTHOR ("id", AUTHOR_LASTNAME) VALUES (6, 'Грибоедов');
INSERT INTO AUTHOR ("id", AUTHOR_LASTNAME) VALUES (7, 'Макаренко');
INSERT INTO AUTHOR ("id", AUTHOR_LASTNAME) VALUES (8, 'Гоголь');
INSERT INTO AUTHOR ("id", AUTHOR_LASTNAME) VALUES (9, 'Чехов');
INSERT INTO AUTHOR ("id", AUTHOR_LASTNAME, AUTHOR_FIRSTNAME, AUTHOR_PATRONYMIC) VALUES (10, 'Пушкин', 'Александр', 'Сергеевич');
INSERT INTO AUTHOR ("id", AUTHOR_LASTNAME) VALUES (11, 'Басова');
INSERT INTO AUTHOR ("id", AUTHOR_LASTNAME) VALUES (12, 'Минаев');
INSERT INTO AUTHOR ("id", AUTHOR_LASTNAME) VALUES (13, 'Дашевская');
INSERT INTO AUTHOR ("id", AUTHOR_LASTNAME) VALUES (14, 'Кравченко');
INSERT INTO AUTHOR ("id", AUTHOR_LASTNAME) VALUES (15, 'Богатырёва');
INSERT INTO AUTHOR ("id", AUTHOR_LASTNAME) VALUES (16, 'Ключарёва');
INSERT INTO AUTHOR ("id", AUTHOR_LASTNAME) VALUES (17, 'Сазонова');
INSERT INTO AUTHOR ("id", AUTHOR_LASTNAME) VALUES (18, 'Ленковскаая');
INSERT INTO AUTHOR ("id", AUTHOR_LASTNAME) VALUES (19, 'Сладков');
INSERT INTO AUTHOR ("id", AUTHOR_LASTNAME) VALUES (20, 'Машковская');
INSERT INTO AUTHOR ("id", AUTHOR_LASTNAME) VALUES (21, 'Твен');
INSERT INTO AUTHOR ("id", AUTHOR_LASTNAME) VALUES (22, 'Джером');
INSERT INTO AUTHOR ("id", AUTHOR_LASTNAME) VALUES (23, 'Кухаркин');
INSERT INTO AUTHOR ("id", AUTHOR_LASTNAME) VALUES (24, 'Михалков');
INSERT INTO AUTHOR ("id", AUTHOR_LASTNAME) VALUES (25, 'Драгунский');
INSERT INTO AUTHOR ("id", AUTHOR_LASTNAME) VALUES (26, 'Крусанов');
INSERT INTO AUTHOR ("id", AUTHOR_LASTNAME) VALUES (27, 'Бажов');
INSERT INTO AUTHOR ("id", AUTHOR_LASTNAME) VALUES (28, 'Пришвин');
INSERT INTO AUTHOR ("id", AUTHOR_LASTNAME) VALUES (29, 'Тютчев');
INSERT INTO AUTHOR ("id", AUTHOR_LASTNAME) VALUES (30, 'Есенин');

/*заполняем AUTHOR_BOOK*/
INSERT INTO AUTHOR_BOOK ("id", ID_BOOK, ID_AUTHOR) VALUES (1, 1, 1);
INSERT INTO AUTHOR_BOOK ("id", ID_BOOK, ID_AUTHOR) VALUES (2, 2, 1);
INSERT INTO AUTHOR_BOOK ("id", ID_BOOK, ID_AUTHOR) VALUES (3, 3, 1);
INSERT INTO AUTHOR_BOOK ("id", ID_BOOK, ID_AUTHOR) VALUES (4, 4, 1);
INSERT INTO AUTHOR_BOOK ("id", ID_BOOK, ID_AUTHOR) VALUES (5, 5, 2);
INSERT INTO AUTHOR_BOOK ("id", ID_BOOK, ID_AUTHOR) VALUES (6, 6, 2);
INSERT INTO AUTHOR_BOOK ("id", ID_BOOK, ID_AUTHOR) VALUES (7, 8, 2);
INSERT INTO AUTHOR_BOOK ("id", ID_BOOK, ID_AUTHOR) VALUES (8, 9, 2);
INSERT INTO AUTHOR_BOOK ("id", ID_BOOK, ID_AUTHOR) VALUES (9, 10, 3);
INSERT INTO AUTHOR_BOOK ("id", ID_BOOK, ID_AUTHOR) VALUES (10, 11, 3);
INSERT INTO AUTHOR_BOOK ("id", ID_BOOK, ID_AUTHOR) VALUES (11, 12,4);
INSERT INTO AUTHOR_BOOK ("id", ID_BOOK, ID_AUTHOR) VALUES (12, 13, 5);
INSERT INTO AUTHOR_BOOK ("id", ID_BOOK, ID_AUTHOR) VALUES (13, 14, 6);
INSERT INTO AUTHOR_BOOK ("id", ID_BOOK, ID_AUTHOR) VALUES (14, 15, 7);
INSERT INTO AUTHOR_BOOK ("id", ID_BOOK, ID_AUTHOR) VALUES (15, 16, 8);
INSERT INTO AUTHOR_BOOK ("id", ID_BOOK, ID_AUTHOR) VALUES (16, 17, 1);
INSERT INTO AUTHOR_BOOK ("id", ID_BOOK, ID_AUTHOR) VALUES (17, 18, 10);
INSERT INTO AUTHOR_BOOK ("id", ID_BOOK, ID_AUTHOR) VALUES (18, 19, 9);
INSERT INTO AUTHOR_BOOK ("id", ID_BOOK, ID_AUTHOR) VALUES (19, 20, 11);
INSERT INTO AUTHOR_BOOK ("id", ID_BOOK, ID_AUTHOR) VALUES (20, 20, 12);
INSERT INTO AUTHOR_BOOK ("id", ID_BOOK, ID_AUTHOR) VALUES (21, 21, 13);
INSERT INTO AUTHOR_BOOK ("id", ID_BOOK, ID_AUTHOR) VALUES (22, 21, 14);
INSERT INTO AUTHOR_BOOK ("id", ID_BOOK, ID_AUTHOR) VALUES (23, 22, 15);
INSERT INTO AUTHOR_BOOK ("id", ID_BOOK, ID_AUTHOR) VALUES (24, 22, 16);
INSERT INTO AUTHOR_BOOK ("id", ID_BOOK, ID_AUTHOR) VALUES (25, 23, 17);
INSERT INTO AUTHOR_BOOK ("id", ID_BOOK, ID_AUTHOR) VALUES (26, 23, 18);
INSERT INTO AUTHOR_BOOK ("id", ID_BOOK, ID_AUTHOR) VALUES (27, 24, 19);
INSERT INTO AUTHOR_BOOK ("id", ID_BOOK, ID_AUTHOR) VALUES (28, 24, 20);
INSERT INTO AUTHOR_BOOK ("id", ID_BOOK, ID_AUTHOR) VALUES (29, 25, 21);
INSERT INTO AUTHOR_BOOK ("id", ID_BOOK, ID_AUTHOR) VALUES (30, 25, 22);
INSERT INTO AUTHOR_BOOK ("id", ID_BOOK, ID_AUTHOR) VALUES (31, 26, 23);
INSERT INTO AUTHOR_BOOK ("id", ID_BOOK, ID_AUTHOR) VALUES (32, 26, 24);
INSERT INTO AUTHOR_BOOK ("id", ID_BOOK, ID_AUTHOR) VALUES (33, 27, 1);
INSERT INTO AUTHOR_BOOK ("id", ID_BOOK, ID_AUTHOR) VALUES (34, 27, 10);
INSERT INTO AUTHOR_BOOK ("id", ID_BOOK, ID_AUTHOR) VALUES (35, 28, 25);
INSERT INTO AUTHOR_BOOK ("id", ID_BOOK, ID_AUTHOR) VALUES (36, 28, 26);
INSERT INTO AUTHOR_BOOK ("id", ID_BOOK, ID_AUTHOR) VALUES (37, 29, 27);
INSERT INTO AUTHOR_BOOK ("id", ID_BOOK, ID_AUTHOR) VALUES (38, 29, 28);
INSERT INTO AUTHOR_BOOK ("id", ID_BOOK, ID_AUTHOR) VALUES (39, 30, 29);
INSERT INTO AUTHOR_BOOK ("id", ID_BOOK, ID_AUTHOR) VALUES (40, 30, 30);
INSERT INTO AUTHOR_BOOK ("id", ID_BOOK, ID_AUTHOR) VALUES (41, 1, 2);
    
/*заполняем PUBLISHING_HOUSE*/ 
INSERT INTO PUBLISHING_HOUSE VALUES (1, 'Эксмо');
INSERT INTO PUBLISHING_HOUSE VALUES (2, 'Речь');
INSERT INTO PUBLISHING_HOUSE VALUES (3, 'Академический проект');
INSERT INTO PUBLISHING_HOUSE VALUES (4, 'Классика речи');
INSERT INTO PUBLISHING_HOUSE VALUES (5, 'АСТ');
INSERT INTO PUBLISHING_HOUSE VALUES (6, 'Молодая гвардия');
INSERT INTO PUBLISHING_HOUSE VALUES (7, 'Литер');
INSERT INTO PUBLISHING_HOUSE VALUES (8, 'Альфа-книга');
INSERT INTO PUBLISHING_HOUSE VALUES (9, 'Родина');

/*заполняем LIBRARY_CARD*/
INSERT INTO LIBRARY_CARD ("id", READERS_FIRSTNAME, READERS_LASTNAME, SUM_FINES, ID_ROLE, DATE_OF_BIRTH, DATE_OF_ISSUE_CARD, ID_READER_RATING, AGE_READERS) 
    VALUES (1, 'Антон', 'Шилов', 0, 1, TO_DATE('2020/07/10', 'yyyy/mm/dd'), TO_DATE('2019/07/22', 'yyyy/mm/dd'), 5, TRUNC(MONTHS_BETWEEN(CURRENT_DATE,TO_DATE('1986/07/10', 'yyyy/mm/dd')) / 12));
INSERT INTO LIBRARY_CARD ("id", READERS_FIRSTNAME, READERS_LASTNAME, SUM_FINES, ID_ROLE, DATE_OF_BIRTH, DATE_OF_ISSUE_CARD, ID_READER_RATING, AGE_READERS) 
    VALUES (2, 'Сергей', 'Яхно', 0, 1, TO_DATE('2021/12/25', 'yyyy/mm/dd'), TO_DATE('2020/07/15', 'yyyy/mm/dd'), 2, TRUNC(MONTHS_BETWEEN(CURRENT_DATE,TO_DATE('1985/12/25', 'yyyy/mm/dd')) / 12));
INSERT INTO LIBRARY_CARD ("id", READERS_FIRSTNAME, READERS_LASTNAME, SUM_FINES, ID_ROLE, DATE_OF_BIRTH, DATE_OF_ISSUE_CARD, ID_READER_RATING, AGE_READERS) 
    VALUES (3, 'Павел', 'Струк', 0, 1, TO_DATE('1980/01/01', 'yyyy/mm/dd'), TO_DATE('2015/12/14', 'yyyy/mm/dd'), 3, TRUNC(MONTHS_BETWEEN(CURRENT_DATE,TO_DATE('1980/01/01', 'yyyy/mm/dd')) / 12));
INSERT INTO LIBRARY_CARD ("id", READERS_FIRSTNAME, READERS_LASTNAME, SUM_FINES, ID_ROLE, DATE_OF_BIRTH, DATE_OF_ISSUE_CARD, ID_READER_RATING, AGE_READERS) 
    VALUES (4, 'Анатолий', 'Вассерман', 100, 1, TO_DATE('1996/05/11', 'yyyy/mm/dd'), TO_DATE('2016/11/10', 'yyyy/mm/dd'), 4, TRUNC(MONTHS_BETWEEN(CURRENT_DATE,TO_DATE('1996/05/11', 'yyyy/mm/dd')) / 12));
INSERT INTO LIBRARY_CARD ("id", READERS_FIRSTNAME, READERS_LASTNAME, SUM_FINES, ID_ROLE, DATE_OF_BIRTH, DATE_OF_ISSUE_CARD, ID_READER_RATING, AGE_READERS) 
    VALUES (5, 'Наталья', 'Плотникова', 200, 1, TO_DATE('1982/03/01', 'yyyy/mm/dd'), TO_DATE('2021/10/26', 'yyyy/mm/dd'), 5, TRUNC(MONTHS_BETWEEN(CURRENT_DATE,TO_DATE('1982/03/01', 'yyyy/mm/dd')) / 12));
INSERT INTO LIBRARY_CARD ("id", READERS_FIRSTNAME, READERS_LASTNAME, SUM_FINES, ID_ROLE, DATE_OF_BIRTH, DATE_OF_ISSUE_CARD, ID_READER_RATING, AGE_READERS) 
    VALUES (6, 'Татьяна', 'Шилова', 0, 1, TO_DATE('2000/06/20', 'yyyy/mm/dd'), TO_DATE('2016/09/17', 'yyyy/mm/dd'), 1, TRUNC(MONTHS_BETWEEN(CURRENT_DATE,TO_DATE('2000/06/20', 'yyyy/mm/dd')) / 12));
INSERT INTO LIBRARY_CARD ("id", READERS_FIRSTNAME, READERS_LASTNAME, SUM_FINES, ID_ROLE, DATE_OF_BIRTH, DATE_OF_ISSUE_CARD, ID_READER_RATING, AGE_READERS) 
    VALUES (7, 'Марина', 'Гаврилова', 300, 1, TO_DATE('1985/07/10', 'yyyy/mm/dd'), TO_DATE('2019/07/18', 'yyyy/mm/dd'), 2, TRUNC(MONTHS_BETWEEN(CURRENT_DATE,TO_DATE('1985/07/10', 'yyyy/mm/dd')) / 12));
INSERT INTO LIBRARY_CARD ("id", READERS_FIRSTNAME, READERS_LASTNAME, SUM_FINES, ID_ROLE, DATE_OF_BIRTH, DATE_OF_ISSUE_CARD, ID_READER_RATING, AGE_READERS) 
    VALUES (8, 'Кирилл', 'Сайко', 0, 1, TO_DATE('1989/09/05', 'yyyy/mm/dd'), TO_DATE('2017/08/09', 'yyyy/mm/dd'), 3, TRUNC(MONTHS_BETWEEN(CURRENT_DATE,TO_DATE('1989/09/05', 'yyyy/mm/dd')) / 12));
INSERT INTO LIBRARY_CARD ("id", READERS_FIRSTNAME, READERS_LASTNAME, SUM_FINES, ID_ROLE, DATE_OF_BIRTH, DATE_OF_ISSUE_CARD, ID_READER_RATING, AGE_READERS) 
    VALUES (9, 'Виталий', 'Игнатьев', 0, 1, TO_DATE('1992/08/15', 'yyyy/mm/dd'), TO_DATE('2017/06/06', 'yyyy/mm/dd'), 4, TRUNC(MONTHS_BETWEEN(CURRENT_DATE,TO_DATE('1992/08/15', 'yyyy/mm/dd')) / 12));
INSERT INTO LIBRARY_CARD ("id", READERS_FIRSTNAME, READERS_LASTNAME, SUM_FINES, ID_ROLE, DATE_OF_BIRTH, DATE_OF_ISSUE_CARD, ID_READER_RATING, AGE_READERS) 
    VALUES (10, 'Алексей', 'Даль', 0, 1, TO_DATE('1993/11/26', 'yyyy/mm/dd'), TO_DATE('2019/05/05', 'yyyy/mm/dd'), 5, TRUNC(MONTHS_BETWEEN(CURRENT_DATE,TO_DATE('1993/11/26', 'yyyy/mm/dd')) / 12));
INSERT INTO LIBRARY_CARD ("id", READERS_FIRSTNAME, READERS_LASTNAME, SUM_FINES, ID_ROLE, DATE_OF_BIRTH, DATE_OF_ISSUE_CARD, ID_READER_RATING, AGE_READERS) 
    VALUES (11, 'Павел', 'Коврижных', 0, 1, TO_DATE('1995/02/09', 'yyyy/mm/dd'), TO_DATE('2018/04/01', 'yyyy/mm/dd'), 1, TRUNC(MONTHS_BETWEEN(CURRENT_DATE,TO_DATE('1995/02/09', 'yyyy/mm/dd')) / 12));
INSERT INTO LIBRARY_CARD ("id", READERS_FIRSTNAME, READERS_LASTNAME, SUM_FINES, ID_ROLE, DATE_OF_BIRTH, DATE_OF_ISSUE_CARD, ID_READER_RATING, AGE_READERS) 
    VALUES (12, 'Дмитрий', 'Лобанов', 0, 1, TO_DATE('1973/04/05', 'yyyy/mm/dd'), TO_DATE('2020/03/02', 'yyyy/mm/dd'), 2, TRUNC(MONTHS_BETWEEN(CURRENT_DATE,TO_DATE('1973/04/05', 'yyyy/mm/dd')) / 12));
INSERT INTO LIBRARY_CARD ("id", READERS_FIRSTNAME, READERS_LASTNAME, SUM_FINES, ID_ROLE, DATE_OF_BIRTH, DATE_OF_ISSUE_CARD, ID_READER_RATING, AGE_READERS) 
    VALUES (13, 'Александр', 'Горбатюк', 0, 2, TO_DATE('1956/06/21', 'yyyy/mm/dd'), TO_DATE('2020/02/03', 'yyyy/mm/dd'), 3, TRUNC(MONTHS_BETWEEN(CURRENT_DATE,TO_DATE('1956/06/21', 'yyyy/mm/dd')) / 12));
INSERT INTO LIBRARY_CARD ("id", READERS_FIRSTNAME, READERS_LASTNAME, SUM_FINES, ID_ROLE, DATE_OF_BIRTH, DATE_OF_ISSUE_CARD, ID_READER_RATING, AGE_READERS) 
    VALUES (14, 'Татьяна', 'Голикова', 0, 2, TO_DATE('1999/06/14', 'yyyy/mm/dd'), TO_DATE('2020/07/01', 'yyyy/mm/dd'), 4, TRUNC(MONTHS_BETWEEN(CURRENT_DATE,TO_DATE('1999/06/14', 'yyyy/mm/dd')) / 12));
INSERT INTO LIBRARY_CARD ("id", READERS_FIRSTNAME, READERS_LASTNAME, SUM_FINES, ID_ROLE, DATE_OF_BIRTH, DATE_OF_ISSUE_CARD, ID_READER_RATING, AGE_READERS) 
    VALUES (15, 'Екатерина', 'Симбирцева', 0, 2, TO_DATE('1978/12/11', 'yyyy/mm/dd'), TO_DATE('2021/12/09', 'yyyy/mm/dd'), 5, TRUNC(MONTHS_BETWEEN(CURRENT_DATE,TO_DATE('1978/12/11', 'yyyy/mm/dd')) / 12));
INSERT INTO LIBRARY_CARD ("id", READERS_FIRSTNAME, READERS_LASTNAME, SUM_FINES, ID_ROLE, DATE_OF_BIRTH, DATE_OF_ISSUE_CARD, ID_READER_RATING, AGE_READERS) 
    VALUES (16, 'Максим', 'Новицкий', 0, 2, TO_DATE('1988/04/22', 'yyyy/mm/dd'), TO_DATE('2020/11/10', 'yyyy/mm/dd'), 1, TRUNC(MONTHS_BETWEEN(CURRENT_DATE,TO_DATE('1988/04/22', 'yyyy/mm/dd')) / 12));
INSERT INTO LIBRARY_CARD ("id", READERS_FIRSTNAME, READERS_LASTNAME, SUM_FINES, ID_ROLE, DATE_OF_BIRTH, DATE_OF_ISSUE_CARD, ID_READER_RATING, AGE_READERS) 
    VALUES (17, 'Евгений', 'Максимов', 0, 2, TO_DATE('1987/08/12', 'yyyy/mm/dd'), TO_DATE('2019/10/15', 'yyyy/mm/dd'), 2, TRUNC(MONTHS_BETWEEN(CURRENT_DATE,TO_DATE('1987/08/12', 'yyyy/mm/dd')) / 12));
INSERT INTO LIBRARY_CARD ("id", READERS_FIRSTNAME, READERS_LASTNAME, SUM_FINES, ID_ROLE, DATE_OF_BIRTH, DATE_OF_ISSUE_CARD, ID_READER_RATING, AGE_READERS) 
    VALUES (18, 'Евгения', 'Алексеева', 0, 2, TO_DATE('1995/02/09', 'yyyy/mm/dd'), TO_DATE('2017/09/03', 'yyyy/mm/dd'), 3, TRUNC(MONTHS_BETWEEN(CURRENT_DATE,TO_DATE('1995/02/09', 'yyyy/mm/dd')) / 12));
INSERT INTO LIBRARY_CARD ("id", READERS_FIRSTNAME, READERS_LASTNAME, SUM_FINES, ID_ROLE, DATE_OF_BIRTH, DATE_OF_ISSUE_CARD, ID_READER_RATING, AGE_READERS) 
    VALUES (19, 'Дарья', 'Анохина', 0, 2, TO_DATE('1992/10/23', 'yyyy/mm/dd'), TO_DATE('2019/08/09', 'yyyy/mm/dd'), 4, TRUNC(MONTHS_BETWEEN(CURRENT_DATE,TO_DATE('1992/10/23', 'yyyy/mm/dd')) / 12));
INSERT INTO LIBRARY_CARD ("id", READERS_FIRSTNAME, READERS_LASTNAME, SUM_FINES, ID_ROLE, DATE_OF_BIRTH, DATE_OF_ISSUE_CARD, ID_READER_RATING, AGE_READERS) 
    VALUES (20, 'Дмитрий', 'Голуб', 0, 2, TO_DATE('1990/01/07', 'yyyy/mm/dd'), TO_DATE('2019/06/29', 'yyyy/mm/dd'), 1, TRUNC(MONTHS_BETWEEN(CURRENT_DATE,TO_DATE('1990/01/07', 'yyyy/mm/dd')) / 12));

/*заполняем ROLES*/
INSERT INTO "ROLES" VALUES (1, 'Клиент');
INSERT INTO "ROLES" VALUES (2, 'Сотрудник библиотеки');

/*заполняем BOOK_TYPE*/
INSERT INTO BOOK_TYPE VALUES (1, 'Книга');
INSERT INTO BOOK_TYPE VALUES (2, 'Журнал');
INSERT INTO BOOK_TYPE VALUES (3, 'Газета');

/*заполняем GENRES*/
INSERT INTO GENRES VALUES (1, 'Детектив');
INSERT INTO GENRES VALUES (2, 'Триллер');
INSERT INTO GENRES VALUES (3, 'Приключения');
INSERT INTO GENRES VALUES (4, 'Авангардная литература');
INSERT INTO GENRES VALUES (5, 'Боевик');
INSERT INTO GENRES VALUES (6, 'Исторический роман');
INSERT INTO GENRES VALUES (7, 'Роман');
INSERT INTO GENRES VALUES (8, 'Мистика');
INSERT INTO GENRES VALUES (9, 'Триллер/ужасы');
INSERT INTO GENRES VALUES (10, 'Фантастика');
INSERT INTO GENRES VALUES (11, 'Фэнтези');
INSERT INTO GENRES VALUES (12, 'Сказки');

/*заполняем AGE_LIMIT*/
INSERT INTO AGE_LIMIT VALUES (1, 0);
INSERT INTO AGE_LIMIT VALUES (2, 6);
INSERT INTO AGE_LIMIT VALUES (3, 12);
INSERT INTO AGE_LIMIT VALUES (4, 16);
INSERT INTO AGE_LIMIT VALUES (5, 18);

/*заполняем GENRE_BOOK*/
INSERT INTO GENRE_BOOK VALUES (1, 1, 7);
INSERT INTO GENRE_BOOK VALUES (2, 2, 7);
INSERT INTO GENRE_BOOK VALUES (3, 3, 7);
INSERT INTO GENRE_BOOK VALUES (4, 4, 7);
INSERT INTO GENRE_BOOK VALUES (5, 5, 7);
INSERT INTO GENRE_BOOK VALUES (6, 6, 7);
INSERT INTO GENRE_BOOK VALUES (7, 7, 7);
INSERT INTO GENRE_BOOK VALUES (8, 8, 7);
INSERT INTO GENRE_BOOK VALUES (9, 9, 7);
INSERT INTO GENRE_BOOK VALUES (10, 10, 7);
INSERT INTO GENRE_BOOK VALUES (11, 11, 7);
INSERT INTO GENRE_BOOK VALUES (12, 12, 7);
INSERT INTO GENRE_BOOK VALUES (13, 13, 7);
INSERT INTO GENRE_BOOK VALUES (14, 14, 7);
INSERT INTO GENRE_BOOK VALUES (15, 15, 7);
INSERT INTO GENRE_BOOK VALUES (16, 16, 7);
INSERT INTO GENRE_BOOK VALUES (17, 17, 7);
INSERT INTO GENRE_BOOK VALUES (18, 18, 7);
INSERT INTO GENRE_BOOK VALUES (19, 19, 7);
INSERT INTO GENRE_BOOK VALUES (20, 20, 7);
INSERT INTO GENRE_BOOK VALUES (21, 21, 1);
INSERT INTO GENRE_BOOK VALUES (22, 22, 7);
INSERT INTO GENRE_BOOK VALUES (23, 23, 7);
INSERT INTO GENRE_BOOK VALUES (24, 24, 12);
INSERT INTO GENRE_BOOK VALUES (25, 25, 12);
INSERT INTO GENRE_BOOK VALUES (26, 26, 9);
INSERT INTO GENRE_BOOK VALUES (27, 27, 12);
INSERT INTO GENRE_BOOK VALUES (28, 28, 5);
INSERT INTO GENRE_BOOK VALUES (29, 29, 12);
INSERT INTO GENRE_BOOK VALUES (30, 29, 6);
INSERT INTO GENRE_BOOK VALUES (31, 14, 1);
INSERT INTO GENRE_BOOK VALUES (32, 1, 5);

/*заполняем TAGS*/
INSERT INTO TAGS VALUES (1, 'Война');
INSERT INTO TAGS VALUES (2, 'Мир');
INSERT INTO TAGS VALUES (3, 'Любовь');
INSERT INTO TAGS VALUES (4, 'Россия');
INSERT INTO TAGS VALUES (5, 'Крым');
INSERT INTO TAGS VALUES (6, 'Франция');
INSERT INTO TAGS VALUES (7, '1812');
INSERT INTO TAGS VALUES (8, 'Свадьба');
INSERT INTO TAGS VALUES (9, 'День рождения');
INSERT INTO TAGS VALUES (10, 'Новый год');
INSERT INTO TAGS VALUES (11, 'Рождество');
INSERT INTO TAGS VALUES (12, 'Толстой');
INSERT INTO TAGS VALUES (13, 'Пушкин');

/*заполняем TAGS_BOOK*/
INSERT INTO TAGS_BOOK VALUES (1, 4, 1);
INSERT INTO TAGS_BOOK VALUES (2, 1, 1);
INSERT INTO TAGS_BOOK VALUES (3, 2, 1);
INSERT INTO TAGS_BOOK VALUES (4, 6, 1);
INSERT INTO TAGS_BOOK VALUES (5, 4, 2);
INSERT INTO TAGS_BOOK VALUES (6, 6, 2);
INSERT INTO TAGS_BOOK VALUES (7, 1, 2);
INSERT INTO TAGS_BOOK VALUES (8, 2, 2);
INSERT INTO TAGS_BOOK VALUES (9, 12, 1);
INSERT INTO TAGS_BOOK VALUES (10, 7, 1);
INSERT INTO TAGS_BOOK VALUES (11, 4, 5);
INSERT INTO TAGS_BOOK VALUES (12, 4, 6);
INSERT INTO TAGS_BOOK VALUES (13, 4, 7);
INSERT INTO TAGS_BOOK VALUES (14, 4, 8);
INSERT INTO TAGS_BOOK VALUES (15, 4, 9);
INSERT INTO TAGS_BOOK VALUES (16, 4, 10);
INSERT INTO TAGS_BOOK VALUES (17, 4, 11);
INSERT INTO TAGS_BOOK VALUES (18, 4, 12);
INSERT INTO TAGS_BOOK VALUES (19, 4, 13);
INSERT INTO TAGS_BOOK VALUES (20, 4, 14);
INSERT INTO TAGS_BOOK VALUES (21, 4, 15);
INSERT INTO TAGS_BOOK VALUES (22, 4, 16);
INSERT INTO TAGS_BOOK VALUES (23, 4, 17);
INSERT INTO TAGS_BOOK VALUES (24, 4, 18);
INSERT INTO TAGS_BOOK VALUES (25, 4, 19);
INSERT INTO TAGS_BOOK VALUES (26, 4, 19);

/*заполняем ISSUANCE_LOG*/
INSERT INTO ISSUANCE_LOG VALUES (1, 1, 1, 1, 1, TO_DATE('01.01.2022', 'dd.mm.yyyy'),  TO_DATE('01.02.2022', 'dd.mm.yyyy'), NULL);
INSERT INTO ISSUANCE_LOG VALUES (2, 1, 2, 25, 2, '02.01.2022', '01.03.2022', NULL);
INSERT INTO ISSUANCE_LOG VALUES (3, 1, 3, 10, 3, '01.03.1999', '02.04.2022', NULL);
INSERT INTO ISSUANCE_LOG VALUES (4, 1, 4, 12, 4, '01.02.2005', '03.05.2022', NULL);
INSERT INTO ISSUANCE_LOG VALUES (5, 1, 5, 23, 5, '01.04.2006', '04.06.2022', NULL);
INSERT INTO ISSUANCE_LOG VALUES (6, 1, 6, 15, 6, '01.05.2010', '05.12.2022', '01.02.2022');
INSERT INTO ISSUANCE_LOG VALUES (7, 1, 1, 16, 7, '05.07.2022', '06.02.2022', '01.02.2022');
INSERT INTO ISSUANCE_LOG VALUES (8, 1, 2, 22, 8, '06.08.2022', '07.02.2022', '01.02.2022');
INSERT INTO ISSUANCE_LOG VALUES (9, 1, 3, 30, 9, '07.09.2022', '08.02.2022', '01.02.2022');
INSERT INTO ISSUANCE_LOG VALUES (10, 1, 4, 4, 10, '08.10.2022', '09.03.2022', NULL);
INSERT INTO ISSUANCE_LOG VALUES (11, 1, 5, 5, 11, '09.11.2022', '10.02.2022', NULL);
INSERT INTO ISSUANCE_LOG VALUES (12, 1, 1, 6, 12, '10.12.2022', '11.02.2022', '01.02.2022');
INSERT INTO ISSUANCE_LOG VALUES (13, 1, 1, 7, 13, '11.01.2022', '12.03.2022', NULL);
INSERT INTO ISSUANCE_LOG VALUES (14, 1, 2, 8, 14, '11.02.2022', '13.02.2022', '01.02.2022');
INSERT INTO ISSUANCE_LOG VALUES (15, 1, 10, 9, 15, '12.03.2022', '14.02.2022', '01.02.2022');
INSERT INTO ISSUANCE_LOG VALUES (16, 1, 11, 10, 16, '13.04.2022', '15.02.2022', NULL);
INSERT INTO ISSUANCE_LOG VALUES (17, 1, 10, 11, 17, '14.05.2022', '16.02.2022', NULL);
INSERT INTO ISSUANCE_LOG VALUES (18, 1, 12, 12, 18, '15.06.2022', '17.02.2022', NULL);
INSERT INTO ISSUANCE_LOG VALUES (19, 1, 12, 13, 19, '17.07.2022', '18.02.2022', NULL);
INSERT INTO ISSUANCE_LOG VALUES (20, 1, 1, 14, 20, '18.08.2022', '19.02.2022', NULL);
INSERT INTO ISSUANCE_LOG VALUES (21, 1, 2, 15, 11, '19.09.2022', '20.02.2022', NULL);
INSERT INTO ISSUANCE_LOG VALUES (22, 1, 3, 16, 2, '20.10.2022', '21.03.2022', NULL);
INSERT INTO ISSUANCE_LOG VALUES (23, 1, 4, 17, 3, '21.11.2022', '22.02.2022', NULL);
INSERT INTO ISSUANCE_LOG VALUES (24, 2, 5, 18, 4, '22.12.2022', '23.02.2022', NULL);
INSERT INTO ISSUANCE_LOG VALUES (25, 2, 6, 19, 5, '23.01.2022', '24.03.2022', NULL);
INSERT INTO ISSUANCE_LOG VALUES (26, 2, 7, 20, 6, '24.02.2022', '25.02.2022', NULL);
INSERT INTO ISSUANCE_LOG VALUES (27, 2, 8, 21, 7, '25.03.2022', '26.03.2022', NULL);
INSERT INTO ISSUANCE_LOG VALUES (28, 2, 5, 22, 8, '02.04.2022', '27.02.2022', NULL);

INSERT INTO ISSUANCE_LOG VALUES (29, 1, 1, 23, 9, '01.01.2022', '28.02.2022', NULL);
INSERT INTO ISSUANCE_LOG VALUES (30, 1, 2, 24, 10, '02.01.2022', '29.03.2022', NULL);
INSERT INTO ISSUANCE_LOG VALUES (31, 1, 3, 25, 11, '01.03.1999', '30.04.2022', NULL);
INSERT INTO ISSUANCE_LOG VALUES (32, 1, 4, 27, 12, '01.02.2005', '01.05.2022', NULL);
INSERT INTO ISSUANCE_LOG VALUES (33, 1, 5, 28, 13, '01.04.2006', '02.12.2022', NULL);
INSERT INTO ISSUANCE_LOG VALUES (34, 1, 6, 29, 14, '01.05.2010', '03.12.2022', '01.02.2022');
INSERT INTO ISSUANCE_LOG VALUES (35, 1, 1, 30, 15, '05.07.2022', '04.03.2022', '01.02.2022');
INSERT INTO ISSUANCE_LOG VALUES (36, 1, 2, 31, 16, '06.08.2022', '05.04.2022', '01.02.2022');
INSERT INTO ISSUANCE_LOG VALUES (37, 1, 3, 30, 17, '07.09.2022', '06.05.2022', '01.02.2022');
INSERT INTO ISSUANCE_LOG VALUES (38, 1, 4, 32, 18, '08.10.2022', '07.03.2020', NULL);
INSERT INTO ISSUANCE_LOG VALUES (39, 1, 5, 2, 19, '09.11.2022', '08.02.2020', NULL);
INSERT INTO ISSUANCE_LOG VALUES (40, 1, 1, 3, 20, '10.12.2022', '09.02.2021', '01.02.2022');
INSERT INTO ISSUANCE_LOG VALUES (41, 1, 1, 9, 1, '11.01.2022', '10.03.2022', NULL);
INSERT INTO ISSUANCE_LOG VALUES (42, 1, 2, 8, 2, '11.02.2022', '11.02.2022', '01.02.2022');
INSERT INTO ISSUANCE_LOG VALUES (43, 1, 10, 7, 3, '12.03.2022', '12.02.2022', '01.02.2022');
INSERT INTO ISSUANCE_LOG VALUES (44, 1, 11, 6, 4, '13.04.2022', '13.02.2022', NULL);
INSERT INTO ISSUANCE_LOG VALUES (45, 1, 10, 5, 5, '14.05.2022', '14.02.2022', NULL);
INSERT INTO ISSUANCE_LOG VALUES (46, 1, 12, 4, 6, '15.06.2022', '15.02.2022', NULL);
INSERT INTO ISSUANCE_LOG VALUES (47, 1, 12, 3, 7, '17.07.2022', '16.02.2022', NULL);
INSERT INTO ISSUANCE_LOG VALUES (48, 1, 1, 21, 8, '18.08.2022', '17.02.2022', NULL);
INSERT INTO ISSUANCE_LOG VALUES (49, 1, 2, 22, 9, '19.09.2022', '18.02.2022', NULL);
INSERT INTO ISSUANCE_LOG VALUES (50, 1, 3, 25, 10, '20.10.2022', '12.03.2022', NULL);
INSERT INTO ISSUANCE_LOG VALUES (51, 1, 4, 9, 11, '21.11.2022', '01.02.2022', NULL);
INSERT INTO ISSUANCE_LOG VALUES (52, 2, 5, 7, 12, '22.12.2022', '01.02.2022', NULL);
INSERT INTO ISSUANCE_LOG VALUES (53, 2, 6, 8, 5, '23.01.2022', '12.03.2022', NULL);
INSERT INTO ISSUANCE_LOG VALUES (54, 2, 7, 26, 7, '24.02.2022', '01.02.2022', NULL);
INSERT INTO ISSUANCE_LOG VALUES (55, 2, 8, 27, 2, '25.03.2022', '12.03.2022', NULL);
INSERT INTO ISSUANCE_LOG VALUES (56, 2, 5, 28, 9, '02.04.2022', '01.02.2022', NULL);

INSERT INTO ISSUANCE_LOG VALUES (57, 1, 1, 29, 1, '01.01.2022', '01.02.2022', NULL);
INSERT INTO ISSUANCE_LOG VALUES (58, 1, 2, 30, 2, '02.01.2022', '01.02.2022', NULL);
INSERT INTO ISSUANCE_LOG VALUES (59, 1, 3, 20, 3, '01.03.1999', '01.02.2022', NULL);
INSERT INTO ISSUANCE_LOG VALUES (60, 1, 4, 19, 5, '01.02.2005', '01.02.2022', NULL);
INSERT INTO ISSUANCE_LOG VALUES (61, 1, 5, 18, 10, '01.04.2006', '10.12.2022', NULL);
INSERT INTO ISSUANCE_LOG VALUES (62, 1, 6, 17, 1, '01.05.2010', '10.12.2022', '01.02.2022');
INSERT INTO ISSUANCE_LOG VALUES (63, 1, 1, 16, 7, '05.07.2022', '01.02.2022', '01.02.2022');
INSERT INTO ISSUANCE_LOG VALUES (64, 1, 2, 15, 1, '06.08.2022', '01.02.2022', '01.02.2022');
INSERT INTO ISSUANCE_LOG VALUES (65, 1, 3, 14, 5, '07.09.2022', '01.02.2022', '01.02.2022');
INSERT INTO ISSUANCE_LOG VALUES (66, 1, 4, 15, 2, '08.10.2022', '12.03.2022', NULL);
INSERT INTO ISSUANCE_LOG VALUES (67, 1, 5, 16, 2, '09.11.2022', '01.02.2022', NULL);
INSERT INTO ISSUANCE_LOG VALUES (68, 1, 1, 17, 2, '10.12.2022', '01.02.2022', '01.02.2022');
INSERT INTO ISSUANCE_LOG VALUES (69, 1, 1, 18, 1, '11.01.2022', '12.03.2022', NULL);
INSERT INTO ISSUANCE_LOG VALUES (70, 1, 2, 19, 3, '11.02.2022', '01.02.2022', '01.02.2022');
INSERT INTO ISSUANCE_LOG VALUES (71, 1, 10, 20, 6, '12.03.2022', '01.02.2022', '01.02.2022');
INSERT INTO ISSUANCE_LOG VALUES (72, 1, 11, 13, 1, '13.04.2022', '01.02.2022', NULL);
INSERT INTO ISSUANCE_LOG VALUES (73, 1, 10, 12, 1, '14.05.2022', '01.02.2022', NULL);
INSERT INTO ISSUANCE_LOG VALUES (74, 1, 12, 10, 2, '15.06.2022', '01.02.2022', NULL);
INSERT INTO ISSUANCE_LOG VALUES (75, 1, 12, 9, 10, '17.07.2022', '01.02.2022', NULL);
INSERT INTO ISSUANCE_LOG VALUES (76, 1, 1, 11, 11, '18.08.2022', '01.02.2022', NULL);
INSERT INTO ISSUANCE_LOG VALUES (77, 1, 2, 3, 8, '19.09.2022', '01.02.2022', NULL);
INSERT INTO ISSUANCE_LOG VALUES (78, 1, 3, 3, 5, '20.10.2022', '12.03.2022', NULL);
INSERT INTO ISSUANCE_LOG VALUES (79, 1, 4, 12, 3, '21.11.2022', '01.02.2022', NULL);
INSERT INTO ISSUANCE_LOG VALUES (80, 2, 5, 3, 3, '22.12.2022', '01.02.2022', NULL);
INSERT INTO ISSUANCE_LOG VALUES (81, 2, 6, 3, 5, '23.01.2022', '12.03.2022', NULL);
INSERT INTO ISSUANCE_LOG VALUES (82, 2, 7, 13, 5, '24.02.2022', '01.02.2022', NULL);
INSERT INTO ISSUANCE_LOG VALUES (83, 2, 8, 3, 2, '25.03.2022', '12.03.2022', NULL);
INSERT INTO ISSUANCE_LOG VALUES (84, 2, 5, 5, 9, '02.04.2022', '01.02.2022', NULL);

/*заполняем SERVICE_CATEGORY*/
INSERT INTO SERVICE_CATEGORY VALUES (1, 'Абонемент');
INSERT INTO SERVICE_CATEGORY VALUES (2, 'Читальный зал');

/*заполняем INVENTORY_NUMBER*/
INSERT INTO INVENTORY_NUMBER VALUES (1, 1, '02.04.1995', NULL);
INSERT INTO INVENTORY_NUMBER VALUES (2, 1, '02.04.1995', NULL);
INSERT INTO INVENTORY_NUMBER VALUES (3, 1, '02.04.1995', NULL);
INSERT INTO INVENTORY_NUMBER VALUES (4, 1, '02.04.1995', NULL);
INSERT INTO INVENTORY_NUMBER VALUES (5, 1, '02.04.1995', NULL);
INSERT INTO INVENTORY_NUMBER VALUES (6, 2, '02.04.1995', NULL);
INSERT INTO INVENTORY_NUMBER VALUES (7, 2, '02.04.1995', NULL);
INSERT INTO INVENTORY_NUMBER VALUES (8, 2, '02.04.1995', NULL);
INSERT INTO INVENTORY_NUMBER VALUES (9, 2, '02.04.1995', NULL);
INSERT INTO INVENTORY_NUMBER VALUES (10, 2, '02.04.1995', NULL);
INSERT INTO INVENTORY_NUMBER VALUES (11, 2, '02.04.1995', NULL);
INSERT INTO INVENTORY_NUMBER VALUES (12, 3, '02.04.1995', NULL);
INSERT INTO INVENTORY_NUMBER VALUES (13, 4, '02.04.1995', NULL);
INSERT INTO INVENTORY_NUMBER VALUES (14, 4, '02.04.1995', NULL);
INSERT INTO INVENTORY_NUMBER VALUES (15, 4, '02.04.1995', NULL);
INSERT INTO INVENTORY_NUMBER VALUES (16, 4, '02.04.1995', NULL);
INSERT INTO INVENTORY_NUMBER VALUES (17, 4, '02.04.1995', NULL);
INSERT INTO INVENTORY_NUMBER VALUES (18, 5, '02.04.1995', NULL);
INSERT INTO INVENTORY_NUMBER VALUES (19, 5, '02.04.1995', NULL);
INSERT INTO INVENTORY_NUMBER VALUES (20, 5, '02.04.1995', NULL);
INSERT INTO INVENTORY_NUMBER VALUES (21, 5, '02.04.1995', NULL);
INSERT INTO INVENTORY_NUMBER VALUES (23, 5, '02.04.1995', NULL);
INSERT INTO INVENTORY_NUMBER VALUES (24, 5, '02.04.1995', NULL);
INSERT INTO INVENTORY_NUMBER VALUES (25, 5, '02.04.1995', NULL);
INSERT INTO INVENTORY_NUMBER VALUES (26, 5, '02.04.1995', NULL);
INSERT INTO INVENTORY_NUMBER VALUES (27, 5, '02.04.1995', NULL);
INSERT INTO INVENTORY_NUMBER VALUES (28, 5, '02.04.1995', NULL);
INSERT INTO INVENTORY_NUMBER VALUES (29, 5, '02.04.1995', NULL);
INSERT INTO INVENTORY_NUMBER VALUES (30, 5, '02.04.1995', NULL);
INSERT INTO INVENTORY_NUMBER VALUES (31, 5, '02.04.1995', NULL);
INSERT INTO INVENTORY_NUMBER VALUES (32, 5, '02.04.1995', NULL);
INSERT INTO INVENTORY_NUMBER VALUES (33, 6, '02.04.1995', NULL);
INSERT INTO INVENTORY_NUMBER VALUES (34, 6, '02.04.1995', NULL);
INSERT INTO INVENTORY_NUMBER VALUES (35, 31, '02.04.1995', NULL);
INSERT INTO INVENTORY_NUMBER VALUES (36, 32, '02.04.1995', NULL);
INSERT INTO INVENTORY_NUMBER VALUES (37, 33, '02.04.1995', NULL);
INSERT INTO INVENTORY_NUMBER VALUES (38, 6, '02.04.1995', NULL);
INSERT INTO INVENTORY_NUMBER VALUES (39, 6, '02.04.1995', NULL);
INSERT INTO INVENTORY_NUMBER VALUES (40, 6, '02.04.1995', NULL);
INSERT INTO INVENTORY_NUMBER VALUES (41, 6, '02.04.1995', NULL);
INSERT INTO INVENTORY_NUMBER VALUES (42, 6, '02.04.1995', NULL);

INSERT INTO INVENTORY_NUMBER VALUES (43, 1, '02.04.1995', NULL);
INSERT INTO INVENTORY_NUMBER VALUES (44, 1, '02.04.1995', NULL);
INSERT INTO INVENTORY_NUMBER VALUES (45, 1, '02.04.1995', NULL);
INSERT INTO INVENTORY_NUMBER VALUES (46, 1, '02.04.1995', NULL);
INSERT INTO INVENTORY_NUMBER VALUES (47, 1, '02.04.1995', NULL);
INSERT INTO INVENTORY_NUMBER VALUES (48, 2, '02.04.1995', NULL);
INSERT INTO INVENTORY_NUMBER VALUES (49, 2, '02.04.1995', NULL);
INSERT INTO INVENTORY_NUMBER VALUES (50, 2, '02.04.1995', NULL);
INSERT INTO INVENTORY_NUMBER VALUES (51, 2, '02.04.1995', NULL);
INSERT INTO INVENTORY_NUMBER VALUES (52, 2, '02.04.1995', NULL);
INSERT INTO INVENTORY_NUMBER VALUES (53, 2, '02.04.1995', NULL);
INSERT INTO INVENTORY_NUMBER VALUES (54, 3, '02.04.1995', NULL);
INSERT INTO INVENTORY_NUMBER VALUES (55, 4, '02.04.1995', NULL);
INSERT INTO INVENTORY_NUMBER VALUES (56, 4, '02.04.1995', NULL);
INSERT INTO INVENTORY_NUMBER VALUES (57, 4, '02.04.1995', NULL);
INSERT INTO INVENTORY_NUMBER VALUES (58, 4, '02.04.1995', NULL);
INSERT INTO INVENTORY_NUMBER VALUES (59, 4, '02.04.1995', NULL);
INSERT INTO INVENTORY_NUMBER VALUES (60, 5, '02.04.1995', NULL);
INSERT INTO INVENTORY_NUMBER VALUES (61, 5, '02.04.1995', NULL);
INSERT INTO INVENTORY_NUMBER VALUES (62, 5, '02.04.1995', NULL);
INSERT INTO INVENTORY_NUMBER VALUES (63, 5, '02.04.1995', NULL);
INSERT INTO INVENTORY_NUMBER VALUES (64, 5, '02.04.1995', NULL);
INSERT INTO INVENTORY_NUMBER VALUES (65, 5, '02.04.1995', NULL);
INSERT INTO INVENTORY_NUMBER VALUES (66, 5, '02.04.1995', NULL);
INSERT INTO INVENTORY_NUMBER VALUES (67, 5, '02.04.1995', NULL);
INSERT INTO INVENTORY_NUMBER VALUES (68, 5, '02.04.1995', NULL);
INSERT INTO INVENTORY_NUMBER VALUES (69, 5, '02.04.1995', NULL);
INSERT INTO INVENTORY_NUMBER VALUES (70, 5, '02.04.1995', NULL);
INSERT INTO INVENTORY_NUMBER VALUES (71, 5, '02.04.1995', NULL);
INSERT INTO INVENTORY_NUMBER VALUES (72, 5, '02.04.1995', NULL);
INSERT INTO INVENTORY_NUMBER VALUES (73, 5, '02.04.1995', NULL);
INSERT INTO INVENTORY_NUMBER VALUES (74, 6, '02.04.1995', NULL);
INSERT INTO INVENTORY_NUMBER VALUES (75, 6, '02.04.1995', NULL);
INSERT INTO INVENTORY_NUMBER VALUES (76, 6, '02.04.1995', NULL);
INSERT INTO INVENTORY_NUMBER VALUES (77, 6, '02.04.1995', NULL);
INSERT INTO INVENTORY_NUMBER VALUES (78, 6, '02.04.1995', NULL);
INSERT INTO INVENTORY_NUMBER VALUES (79, 6, '02.04.1995', NULL);
INSERT INTO INVENTORY_NUMBER VALUES (80, 6, '02.04.1995', NULL);
INSERT INTO INVENTORY_NUMBER VALUES (81, 6, '02.04.1995', NULL);
INSERT INTO INVENTORY_NUMBER VALUES (82, 6, '02.04.1995', NULL);
INSERT INTO INVENTORY_NUMBER VALUES (83, 6, '02.04.1995', NULL);

INSERT INTO INVENTORY_NUMBER VALUES (84, 1, '02.04.1995', NULL);
INSERT INTO INVENTORY_NUMBER VALUES (85, 1, '02.04.1995', NULL);
INSERT INTO INVENTORY_NUMBER VALUES (86, 1, '02.04.1995', NULL);
INSERT INTO INVENTORY_NUMBER VALUES (87, 1, '02.04.1995', NULL);
INSERT INTO INVENTORY_NUMBER VALUES (88, 1, '02.04.1995', NULL);
INSERT INTO INVENTORY_NUMBER VALUES (89, 2, '02.04.1995', NULL);
INSERT INTO INVENTORY_NUMBER VALUES (90, 2, '02.04.1995', NULL);
INSERT INTO INVENTORY_NUMBER VALUES (91, 2, '02.04.1995', NULL);
INSERT INTO INVENTORY_NUMBER VALUES (92, 2, '02.04.1995', NULL);
INSERT INTO INVENTORY_NUMBER VALUES (93, 2, '02.04.1995', NULL);
INSERT INTO INVENTORY_NUMBER VALUES (94, 2, '02.04.1995', NULL);
INSERT INTO INVENTORY_NUMBER VALUES (95, 3, '02.04.1995', NULL);
INSERT INTO INVENTORY_NUMBER VALUES (96, 4, '02.04.1995', NULL);
INSERT INTO INVENTORY_NUMBER VALUES (97, 4, '02.04.1995', NULL);
INSERT INTO INVENTORY_NUMBER VALUES (98, 4, '02.04.1995', NULL);
INSERT INTO INVENTORY_NUMBER VALUES (99, 4, '02.04.1995', NULL);
INSERT INTO INVENTORY_NUMBER VALUES (100, 4, '02.04.1995', NULL);
INSERT INTO INVENTORY_NUMBER VALUES (101, 5, '02.04.1995', NULL);
INSERT INTO INVENTORY_NUMBER VALUES (102, 5, '02.04.1995', NULL);
INSERT INTO INVENTORY_NUMBER VALUES (103, 5, '02.04.1995', NULL);
INSERT INTO INVENTORY_NUMBER VALUES (104, 5, '02.04.1995', NULL);
INSERT INTO INVENTORY_NUMBER VALUES (105, 5, '02.04.1995', NULL);
INSERT INTO INVENTORY_NUMBER VALUES (106, 5, '02.04.1995', NULL);
INSERT INTO INVENTORY_NUMBER VALUES (107, 9, '02.04.1995', NULL);
INSERT INTO INVENTORY_NUMBER VALUES (108, 5, '02.04.1995', NULL);
INSERT INTO INVENTORY_NUMBER VALUES (109, 5, '02.04.1995', NULL);
INSERT INTO INVENTORY_NUMBER VALUES (110, 5, '02.04.1995', NULL);
INSERT INTO INVENTORY_NUMBER VALUES (111, 5, '02.04.1995', NULL);
INSERT INTO INVENTORY_NUMBER VALUES (112, 5, '02.04.1995', NULL);
INSERT INTO INVENTORY_NUMBER VALUES (113, 10, '02.04.1995', NULL);
INSERT INTO INVENTORY_NUMBER VALUES (114, 5, '02.04.1995', NULL);
INSERT INTO INVENTORY_NUMBER VALUES (115, 6, '02.04.1995', NULL);
INSERT INTO INVENTORY_NUMBER VALUES (116, 6, '02.04.1995', NULL);
INSERT INTO INVENTORY_NUMBER VALUES (117, 6, '02.04.1995', NULL);
INSERT INTO INVENTORY_NUMBER VALUES (118, 6, '02.04.1995', NULL);
INSERT INTO INVENTORY_NUMBER VALUES (119, 11, '02.04.1995', NULL);
INSERT INTO INVENTORY_NUMBER VALUES (120, 11, '02.04.1995', NULL);
INSERT INTO INVENTORY_NUMBER VALUES (121, 6, '02.04.1995', NULL);
INSERT INTO INVENTORY_NUMBER VALUES (122, 6, '02.04.1995', NULL);
INSERT INTO INVENTORY_NUMBER VALUES (123, 6, '02.04.1995', NULL);
INSERT INTO INVENTORY_NUMBER VALUES (124, 6, '02.04.1995', NULL);

/*заполняем READER_RATING*/
INSERT INTO READER_RATING VALUES (1, 1);
INSERT INTO READER_RATING VALUES (2, 2);
INSERT INTO READER_RATING VALUES (3, 3);
INSERT INTO READER_RATING VALUES (4, 4);
INSERT INTO READER_RATING VALUES (5, 5);
INSERT INTO READER_RATING VALUES (6, 1);
INSERT INTO READER_RATING VALUES (7, 2);
INSERT INTO READER_RATING VALUES (8, 3);
INSERT INTO READER_RATING VALUES (9, 4);
INSERT INTO READER_RATING VALUES (10, 5);
INSERT INTO READER_RATING VALUES (11, 1);
INSERT INTO READER_RATING VALUES (12, 2);
INSERT INTO READER_RATING VALUES (13, 3);
INSERT INTO READER_RATING VALUES (14, 4);
INSERT INTO READER_RATING VALUES (15, 5);
INSERT INTO READER_RATING VALUES (16, 1);
INSERT INTO READER_RATING VALUES (17, 2);
INSERT INTO READER_RATING VALUES (18, 3);
INSERT INTO READER_RATING VALUES (19, 4);
INSERT INTO READER_RATING VALUES (20, 5);
INSERT INTO READER_RATING VALUES (21, 1);
INSERT INTO READER_RATING VALUES (22, 2);
INSERT INTO READER_RATING VALUES (23, 3);
INSERT INTO READER_RATING VALUES (24, 4);
INSERT INTO READER_RATING VALUES (25, 5);








