/*заполняем READER_RATING*/
INSERT INTO READER_RATING (READER_RATING) VALUES (1);
INSERT INTO READER_RATING (READER_RATING) VALUES (2);
INSERT INTO READER_RATING (READER_RATING) VALUES (3);
INSERT INTO READER_RATING (READER_RATING) VALUES (4);
INSERT INTO READER_RATING (READER_RATING) VALUES (5);

/*заполняем SERVICE_CATEGORY*/
INSERT INTO SERVICE_CATEGORY (SERVICE_CATEGORY) VALUES ('Абонемент');
INSERT INTO SERVICE_CATEGORY (SERVICE_CATEGORY) VALUES ('Читальный зал');

/*заполняем TAGS*/
INSERT INTO TAGS VALUES ('Война');
INSERT INTO TAGS VALUES ('Мир');
INSERT INTO TAGS VALUES ('Любовь');
INSERT INTO TAGS VALUES ('Россия');
INSERT INTO TAGS VALUES ('Крым');
INSERT INTO TAGS VALUES ('Франция');
INSERT INTO TAGS VALUES ('1812');
INSERT INTO TAGS VALUES ('Свадьба');
INSERT INTO TAGS VALUES ('День рождения');
INSERT INTO TAGS VALUES ('Новый год');
INSERT INTO TAGS VALUES ('Рождество');
INSERT INTO TAGS VALUES ('Толстой');
INSERT INTO TAGS VALUES ('Пушкин');
----------------------------------------------------------------------------------------
/*заполняем PUBLISHING_HOUSE*/ 
INSERT INTO PUBLISHING_HOUSE (PUBLISHING_HOUSE) VALUES ('Эксмо');
INSERT INTO PUBLISHING_HOUSE (PUBLISHING_HOUSE) VALUES ('Речь');
INSERT INTO PUBLISHING_HOUSE (PUBLISHING_HOUSE) VALUES ('Академический проект');
INSERT INTO PUBLISHING_HOUSE (PUBLISHING_HOUSE) VALUES ('Классика речи');
INSERT INTO PUBLISHING_HOUSE (PUBLISHING_HOUSE) VALUES ('АСТ');
INSERT INTO PUBLISHING_HOUSE (PUBLISHING_HOUSE) VALUES ('Молодая гвардия');
INSERT INTO PUBLISHING_HOUSE (PUBLISHING_HOUSE) VALUES ('Литер');
INSERT INTO PUBLISHING_HOUSE (PUBLISHING_HOUSE) VALUES ('Альфа-книга');
INSERT INTO PUBLISHING_HOUSE (PUBLISHING_HOUSE) VALUES ('Родина');

/*заполняем AUTHOR*/
INSERT INTO AUTHOR (AUTHOR_LASTNAME, AUTHOR_FIRSTNAME, AUTHOR_PATRONYMIC) VALUES ('Толстой', 'Лев', 'Николаевич');
INSERT INTO AUTHOR (AUTHOR_LASTNAME, AUTHOR_FIRSTNAME, AUTHOR_PATRONYMIC) VALUES ('Достоевский', 'Фёдор', 'Михайлович');
INSERT INTO AUTHOR (AUTHOR_LASTNAME) VALUES ('Шолохов');
INSERT INTO AUTHOR (AUTHOR_LASTNAME) VALUES ('Тургенев');
INSERT INTO AUTHOR (AUTHOR_LASTNAME) VALUES ('Лермонтов');
INSERT INTO AUTHOR (AUTHOR_LASTNAME) VALUES ('Грибоедов');
INSERT INTO AUTHOR (AUTHOR_LASTNAME) VALUES ('Макаренко');
INSERT INTO AUTHOR (AUTHOR_LASTNAME) VALUES ('Гоголь');
INSERT INTO AUTHOR (AUTHOR_LASTNAME) VALUES ('Чехов');
INSERT INTO AUTHOR (AUTHOR_LASTNAME, AUTHOR_FIRSTNAME, AUTHOR_PATRONYMIC) VALUES ('Пушкин', 'Александр', 'Сергеевич');
INSERT INTO AUTHOR (AUTHOR_LASTNAME) VALUES ('Басова');
INSERT INTO AUTHOR (AUTHOR_LASTNAME) VALUES ('Минаев');
INSERT INTO AUTHOR (AUTHOR_LASTNAME) VALUES ('Дашевская');
INSERT INTO AUTHOR (AUTHOR_LASTNAME) VALUES ('Кравченко');
INSERT INTO AUTHOR (AUTHOR_LASTNAME) VALUES ('Богатырёва');
INSERT INTO AUTHOR (AUTHOR_LASTNAME) VALUES ('Ключарёва');
INSERT INTO AUTHOR (AUTHOR_LASTNAME) VALUES ('Сазонова');
INSERT INTO AUTHOR (AUTHOR_LASTNAME) VALUES ('Ленковскаая');
INSERT INTO AUTHOR (AUTHOR_LASTNAME) VALUES ('Сладков');
INSERT INTO AUTHOR (AUTHOR_LASTNAME) VALUES ('Машковская');
INSERT INTO AUTHOR (AUTHOR_LASTNAME) VALUES ('Твен');
INSERT INTO AUTHOR (AUTHOR_LASTNAME) VALUES ('Джером');
INSERT INTO AUTHOR (AUTHOR_LASTNAME) VALUES ('Кухаркин');
INSERT INTO AUTHOR (AUTHOR_LASTNAME) VALUES ('Михалков');
INSERT INTO AUTHOR (AUTHOR_LASTNAME) VALUES ('Драгунский');
INSERT INTO AUTHOR (AUTHOR_LASTNAME) VALUES ('Крусанов');
INSERT INTO AUTHOR (AUTHOR_LASTNAME) VALUES ('Бажов');
INSERT INTO AUTHOR (AUTHOR_LASTNAME) VALUES ('Пришвин');
INSERT INTO AUTHOR (AUTHOR_LASTNAME) VALUES ('Тютчев');
INSERT INTO AUTHOR (AUTHOR_LASTNAME) VALUES ('Есенин');

/*заполняем ROLES*/
INSERT INTO "ROLES" ("role") VALUES ('Клиент');
INSERT INTO "ROLES" ("role") VALUES ('Сотрудник библиотеки');

/*заполняем BOOK_TYPE*/
INSERT INTO BOOK_TYPE (BOOK_TYPE) VALUES ('Книга');
INSERT INTO BOOK_TYPE (BOOK_TYPE) VALUES ('Журнал');
INSERT INTO BOOK_TYPE (BOOK_TYPE) VALUES ('Газета');

/*заполняем GENRES*/
INSERT INTO GENRES (GENRE) VALUES ('Детектив');
INSERT INTO GENRES (GENRE) VALUES ('Триллер');
INSERT INTO GENRES (GENRE) VALUES ('Приключения');
INSERT INTO GENRES (GENRE) VALUES ('Авангардная литература');
INSERT INTO GENRES (GENRE) VALUES ('Боевик');
INSERT INTO GENRES (GENRE) VALUES ('Исторический роман');
INSERT INTO GENRES (GENRE) VALUES ('Роман');
INSERT INTO GENRES (GENRE) VALUES ('Мистика');
INSERT INTO GENRES (GENRE) VALUES ('Триллер/ужасы');
INSERT INTO GENRES (GENRE) VALUES ('Фантастика');
INSERT INTO GENRES (GENRE) VALUES ('Фэнтези');
INSERT INTO GENRES (GENRE) VALUES ('Сказки');



/*заполняем books*/
INSERT INTO BOOKS (NAME_BOOK, TOM, ID_AGE_LIMIT, PRICE, ID_BOOK_TYPE, ID_PUBLISHING_HOUSE, YEAR_OF_PUBLISHING) 
    VALUES ('Война и мир', 1, 1, 1500, 1, 9, '01.01.1986');
INSERT INTO BOOKS (NAME_BOOK, TOM, ID_AGE_LIMIT, PRICE, ID_BOOK_TYPE, ID_PUBLISHING_HOUSE, YEAR_OF_PUBLISHING) 
    VALUES ('Война и мир', 2, 1, 1400, 1, 8, '01.01.1987');
INSERT INTO BOOKS (NAME_BOOK, TOM, ID_AGE_LIMIT, PRICE, ID_BOOK_TYPE, ID_PUBLISHING_HOUSE, YEAR_OF_PUBLISHING) 
    VALUES ('Война и мир', 3, 1, 1300, 1, 7, '01.01.1988');
INSERT INTO BOOKS (NAME_BOOK, TOM, ID_AGE_LIMIT, PRICE, ID_BOOK_TYPE, ID_PUBLISHING_HOUSE, YEAR_OF_PUBLISHING) 
    VALUES ('Война и мир', 4, 1, 1200, 1, 6, '01.01.1989');
INSERT INTO BOOKS (NAME_BOOK, ID_AGE_LIMIT, PRICE, ID_BOOK_TYPE, ID_PUBLISHING_HOUSE, YEAR_OF_PUBLISHING) 
    VALUES ('Братья Карамазовы', 2, 1000, 1, 5, '01.01.1990');
INSERT INTO BOOKS (NAME_BOOK, ID_AGE_LIMIT, PRICE, ID_BOOK_TYPE, ID_PUBLISHING_HOUSE, YEAR_OF_PUBLISHING) 
    VALUES ('Братья Карамазовы', 2, 900, 1, 4, '01.01.1991');
INSERT INTO BOOKS (NAME_BOOK, ID_AGE_LIMIT, PRICE, ID_BOOK_TYPE, ID_PUBLISHING_HOUSE, YEAR_OF_PUBLISHING) 
    VALUES ('Братья Карамазовы', 2, 1100, 1, 3, '01.01.1992');
INSERT INTO BOOKS (NAME_BOOK, ID_AGE_LIMIT, PRICE, ID_BOOK_TYPE, ID_PUBLISHING_HOUSE, YEAR_OF_PUBLISHING) 
    VALUES ('Братья Карамазовы', 2, 1200, 1, 2, '01.01.1993');
INSERT INTO BOOKS (NAME_BOOK, ID_AGE_LIMIT, PRICE, ID_BOOK_TYPE, ID_PUBLISHING_HOUSE, YEAR_OF_PUBLISHING) 
    VALUES ('Братья Карамазовы', 2, 1300, 1, 1, '01.01.1994');
INSERT INTO BOOKS (NAME_BOOK, TOM, ID_AGE_LIMIT, PRICE, ID_BOOK_TYPE, ID_PUBLISHING_HOUSE, YEAR_OF_PUBLISHING) 
    VALUES ('Тихий Дон. В 2-х томах', 1, 2, 900, 1, 2, '01.01.1995');
INSERT INTO BOOKS (NAME_BOOK, TOM, ID_AGE_LIMIT, PRICE, ID_BOOK_TYPE, ID_PUBLISHING_HOUSE, YEAR_OF_PUBLISHING) 
    VALUES ('Тихий Дон. В 2-х томах', 2, 2, 1000, 1, 3, '01.01.1996');
INSERT INTO BOOKS (NAME_BOOK, ID_AGE_LIMIT, PRICE, ID_BOOK_TYPE, ID_PUBLISHING_HOUSE, YEAR_OF_PUBLISHING) 
    VALUES ('Отцы и дети', 3, 1200, 1, 4, '01.01.1997');
INSERT INTO BOOKS (NAME_BOOK, ID_AGE_LIMIT, PRICE, ID_BOOK_TYPE, ID_PUBLISHING_HOUSE, YEAR_OF_PUBLISHING) 
    VALUES ('Герой нашего времени', 5, 1000, 1, 5, '01.01.1998');
INSERT INTO BOOKS (NAME_BOOK, ID_AGE_LIMIT, PRICE, ID_BOOK_TYPE, ID_PUBLISHING_HOUSE, YEAR_OF_PUBLISHING) 
    VALUES ('Горе от ума', 3, 1000, 1, 6, '01.01.1999');
INSERT INTO BOOKS (NAME_BOOK, ID_AGE_LIMIT, PRICE, ID_BOOK_TYPE, ID_PUBLISHING_HOUSE, YEAR_OF_PUBLISHING) 
    VALUES ('Педагогическая поэма', 2, 1000, 1, 7, '01.01.2000');
INSERT INTO BOOKS (NAME_BOOK, ID_AGE_LIMIT, PRICE, ID_BOOK_TYPE, ID_PUBLISHING_HOUSE, YEAR_OF_PUBLISHING) 
    VALUES ('Вишневый сад', 2, 1000, 1, 8, '01.01.2001');
INSERT INTO BOOKS (NAME_BOOK, ID_AGE_LIMIT, PRICE, ID_BOOK_TYPE, ID_PUBLISHING_HOUSE, YEAR_OF_PUBLISHING) 
    VALUES ('Анна Каренина', 2, 1000, 1, 9, '01.01.2002');
INSERT INTO BOOKS (NAME_BOOK, ID_AGE_LIMIT, PRICE, ID_BOOK_TYPE, ID_PUBLISHING_HOUSE, YEAR_OF_PUBLISHING) 
    VALUES ('Евгений Онегин', 2, 1000, 1, 8, '01.01.2003');
INSERT INTO BOOKS (NAME_BOOK, ID_AGE_LIMIT, PRICE, ID_BOOK_TYPE, ID_PUBLISHING_HOUSE, YEAR_OF_PUBLISHING)
    VALUES ('Судьба человека', 2, 1000, 1, 7, '01.01.2004');
    
    
INSERT INTO BOOKS (NAME_BOOK, ID_AGE_LIMIT, PRICE, ID_BOOK_TYPE, ID_PUBLISHING_HOUSE, YEAR_OF_PUBLISHING) 
    VALUES ('Внутри что-то есть', 2, 1000, 1, 6, '01.01.2005');
INSERT INTO BOOKS (NAME_BOOK, ID_AGE_LIMIT, PRICE, ID_BOOK_TYPE, ID_PUBLISHING_HOUSE, YEAR_OF_PUBLISHING) 
    VALUES ('Чуть правее сердца. Сборник рассказов', 2, 1000, 1, 5, '01.01.2006');
INSERT INTO BOOKS (NAME_BOOK, ID_AGE_LIMIT, PRICE, ID_BOOK_TYPE, ID_PUBLISHING_HOUSE, YEAR_OF_PUBLISHING) 
    VALUES ('Никому не рассказывай', 2, 1000, 1, 4, '01.01.2007');
INSERT INTO BOOKS (NAME_BOOK, ID_AGE_LIMIT, PRICE, ID_BOOK_TYPE, ID_PUBLISHING_HOUSE, YEAR_OF_PUBLISHING) 
    VALUES ('Письмо с подснежником', 2, 1000, 1, 5, '01.01.2008');
INSERT INTO BOOKS (NAME_BOOK, ID_AGE_LIMIT, PRICE, ID_BOOK_TYPE, ID_PUBLISHING_HOUSE, YEAR_OF_PUBLISHING) 
    VALUES ('Стихи, сказки и рассказы', 2, 1000, 1, 6, '01.01.2009'); 
INSERT INTO BOOKS (NAME_BOOK, ID_AGE_LIMIT, PRICE, ID_BOOK_TYPE, ID_PUBLISHING_HOUSE, YEAR_OF_PUBLISHING) 
    VALUES ('Сборник лучших смешных рассказов.', 2, 1000, 1, 3, '01.01.2010');   
INSERT INTO BOOKS (NAME_BOOK, ID_AGE_LIMIT, PRICE, ID_BOOK_TYPE, ID_PUBLISHING_HOUSE, YEAR_OF_PUBLISHING) 
    VALUES ('Стихи и рассказы о Родине', 2, 1000, 1, 2, '01.01.2011');   
INSERT INTO BOOKS (NAME_BOOK, ID_AGE_LIMIT, PRICE, ID_BOOK_TYPE, ID_PUBLISHING_HOUSE, YEAR_OF_PUBLISHING) 
    VALUES ('Все-все-все сказки', 2, 1000, 1, 1, '01.01.2012');   
INSERT INTO BOOKS (NAME_BOOK, ID_AGE_LIMIT, PRICE, ID_BOOK_TYPE, ID_PUBLISHING_HOUSE, YEAR_OF_PUBLISHING) 
    VALUES ('Над пропастью в поколение', 2, 1000, 1, 2, '01.01.2013');  
INSERT INTO BOOKS (NAME_BOOK, ID_AGE_LIMIT, PRICE, ID_BOOK_TYPE, ID_PUBLISHING_HOUSE, YEAR_OF_PUBLISHING) 
    VALUES ('Сказки и рассказы русских писателей', 2, 1000, 1, 3, '01.01.2014');
INSERT INTO BOOKS (NAME_BOOK, ID_AGE_LIMIT, PRICE, ID_BOOK_TYPE, ID_PUBLISHING_HOUSE, YEAR_OF_PUBLISHING) 
    VALUES ('1000 рассказов, сказок и стихов', 1, 1000, 1, 4, '01.01.2015');
    /*Журналы*/
INSERT INTO BOOKS (NAME_BOOK, ID_AGE_LIMIT, PRICE, ID_BOOK_TYPE, ID_PUBLISHING_HOUSE, YEAR_OF_PUBLISHING) 
    VALUES ('Наука и жеизннь', 1, 150, 2, 5, '01.01.2017'); 
    /*Газеты*/
INSERT INTO BOOKS (NAME_BOOK, ID_AGE_LIMIT, PRICE, ID_BOOK_TYPE, ID_PUBLISHING_HOUSE, YEAR_OF_PUBLISHING) 
    VALUES ('Комсомольская правда', 1, 50, 3, 6, '01.01.2018');
    
INSERT INTO BOOKS (NAME_BOOK, ID_AGE_LIMIT, PRICE, ID_BOOK_TYPE, ID_PUBLISHING_HOUSE, YEAR_OF_PUBLISHING) 
    VALUES ('Аргументы и факты', 1, 50, 3, 6, '01.01.2017');

    INSERT INTO BOOKS (NAME_BOOK, TOM, ID_AGE_LIMIT, PRICE, ID_BOOK_TYPE, ID_PUBLISHING_HOUSE, YEAR_OF_PUBLISHING) 
    VALUES ('Война и мир', 1, 1, 1500, 1, 9, '01.01.1986');
INSERT INTO BOOKS (NAME_BOOK, TOM, ID_AGE_LIMIT, PRICE, ID_BOOK_TYPE, ID_PUBLISHING_HOUSE, YEAR_OF_PUBLISHING) 
    VALUES ('Война и мир', 2, 1, 1400, 1, 8, '01.01.1987');
INSERT INTO BOOKS (NAME_BOOK, TOM, ID_AGE_LIMIT, PRICE, ID_BOOK_TYPE, ID_PUBLISHING_HOUSE, YEAR_OF_PUBLISHING) 
    VALUES ('Война и мир', 3, 1, 1300, 1, 7, '01.01.1988');
INSERT INTO BOOKS (NAME_BOOK, TOM, ID_AGE_LIMIT, PRICE, ID_BOOK_TYPE, ID_PUBLISHING_HOUSE, YEAR_OF_PUBLISHING) 
    VALUES ('Война и мир', 4, 1, 1200, 1, 6, '01.01.1989');
INSERT INTO BOOKS (NAME_BOOK, ID_AGE_LIMIT, PRICE, ID_BOOK_TYPE, ID_PUBLISHING_HOUSE, YEAR_OF_PUBLISHING) 
    VALUES ('Братья Карамазовы', 2, 1000, 1, 5, '01.01.1990');
INSERT INTO BOOKS (NAME_BOOK, ID_AGE_LIMIT, PRICE, ID_BOOK_TYPE, ID_PUBLISHING_HOUSE, YEAR_OF_PUBLISHING) 
    VALUES ('Братья Карамазовы', 2, 900, 1, 4, '01.01.1991');
INSERT INTO BOOKS (NAME_BOOK, ID_AGE_LIMIT, PRICE, ID_BOOK_TYPE, ID_PUBLISHING_HOUSE, YEAR_OF_PUBLISHING) 
    VALUES ('Братья Карамазовы', 2, 1100, 1, 3, '01.01.1992');
INSERT INTO BOOKS (NAME_BOOK, ID_AGE_LIMIT, PRICE, ID_BOOK_TYPE, ID_PUBLISHING_HOUSE, YEAR_OF_PUBLISHING) 
    VALUES ('Братья Карамазовы', 2, 1200, 1, 2, '01.01.1993');
INSERT INTO BOOKS (NAME_BOOK, ID_AGE_LIMIT, PRICE, ID_BOOK_TYPE, ID_PUBLISHING_HOUSE, YEAR_OF_PUBLISHING) 
    VALUES ('Братья Карамазовы', 2, 1300, 1, 1, '01.01.1994');
INSERT INTO BOOKS (NAME_BOOK, TOM, ID_AGE_LIMIT, PRICE, ID_BOOK_TYPE, ID_PUBLISHING_HOUSE, YEAR_OF_PUBLISHING) 
    VALUES ('Тихий Дон. В 2-х томах', 1, 2, 900, 1, 2, '01.01.1995');
INSERT INTO BOOKS (NAME_BOOK, TOM, ID_AGE_LIMIT, PRICE, ID_BOOK_TYPE, ID_PUBLISHING_HOUSE, YEAR_OF_PUBLISHING) 
    VALUES ('Тихий Дон. В 2-х томах', 2, 2, 1000, 1, 3, '01.01.1996');
INSERT INTO BOOKS (NAME_BOOK, ID_AGE_LIMIT, PRICE, ID_BOOK_TYPE, ID_PUBLISHING_HOUSE, YEAR_OF_PUBLISHING) 
    VALUES ('Отцы и дети', 3, 1200, 1, 4, '01.01.1997');
INSERT INTO BOOKS (NAME_BOOK, ID_AGE_LIMIT, PRICE, ID_BOOK_TYPE, ID_PUBLISHING_HOUSE, YEAR_OF_PUBLISHING) 
    VALUES ('Герой нашего времени', 5, 1000, 1, 5, '01.01.1998');
INSERT INTO BOOKS (NAME_BOOK, ID_AGE_LIMIT, PRICE, ID_BOOK_TYPE, ID_PUBLISHING_HOUSE, YEAR_OF_PUBLISHING) 
    VALUES ('Горе от ума', 3, 1000, 1, 6, '01.01.1999');
INSERT INTO BOOKS (NAME_BOOK, ID_AGE_LIMIT, PRICE, ID_BOOK_TYPE, ID_PUBLISHING_HOUSE, YEAR_OF_PUBLISHING) 
    VALUES ('Педагогическая поэма', 2, 1000, 1, 7, '01.01.2000');
INSERT INTO BOOKS (NAME_BOOK, ID_AGE_LIMIT, PRICE, ID_BOOK_TYPE, ID_PUBLISHING_HOUSE, YEAR_OF_PUBLISHING) 
    VALUES ('Вишневый сад', 2, 1000, 1, 8, '01.01.2001');
INSERT INTO BOOKS (NAME_BOOK, ID_AGE_LIMIT, PRICE, ID_BOOK_TYPE, ID_PUBLISHING_HOUSE, YEAR_OF_PUBLISHING) 
    VALUES ('Анна Каренина', 2, 1000, 1, 9, '01.01.2002');
INSERT INTO BOOKS (NAME_BOOK, ID_AGE_LIMIT, PRICE, ID_BOOK_TYPE, ID_PUBLISHING_HOUSE, YEAR_OF_PUBLISHING) 
    VALUES ('Евгений Онегин', 2, 1000, 1, 8, '01.01.2003');
INSERT INTO BOOKS (NAME_BOOK, ID_AGE_LIMIT, PRICE, ID_BOOK_TYPE, ID_PUBLISHING_HOUSE, YEAR_OF_PUBLISHING)
    VALUES ('Судьба человека', 2, 1000, 1, 7, '01.01.2004');
    
INSERT INTO BOOKS (NAME_BOOK, ID_AGE_LIMIT, PRICE, ID_BOOK_TYPE, ID_PUBLISHING_HOUSE, YEAR_OF_PUBLISHING) 
    VALUES ('Внутри что-то есть', 2, 1000, 1, 6, '01.01.2005');
INSERT INTO BOOKS (NAME_BOOK, ID_AGE_LIMIT, PRICE, ID_BOOK_TYPE, ID_PUBLISHING_HOUSE, YEAR_OF_PUBLISHING) 
    VALUES ('Чуть правее сердца. Сборник рассказов', 2, 1000, 1, 5, '01.01.2006');
INSERT INTO BOOKS (NAME_BOOK, ID_AGE_LIMIT, PRICE, ID_BOOK_TYPE, ID_PUBLISHING_HOUSE, YEAR_OF_PUBLISHING) 
    VALUES ('Никому не рассказывай', 2, 1000, 1, 4, '01.01.2007');
INSERT INTO BOOKS (NAME_BOOK, ID_AGE_LIMIT, PRICE, ID_BOOK_TYPE, ID_PUBLISHING_HOUSE, YEAR_OF_PUBLISHING) 
    VALUES ('Письмо с подснежником', 2, 1000, 1, 5, '01.01.2008');
INSERT INTO BOOKS (NAME_BOOK, ID_AGE_LIMIT, PRICE, ID_BOOK_TYPE, ID_PUBLISHING_HOUSE, YEAR_OF_PUBLISHING) 
    VALUES ('Стихи, сказки и рассказы', 2, 1000, 1, 6, '01.01.2009'); 
INSERT INTO BOOKS (NAME_BOOK, ID_AGE_LIMIT, PRICE, ID_BOOK_TYPE, ID_PUBLISHING_HOUSE, YEAR_OF_PUBLISHING) 
    VALUES ('Сборник лучших смешных рассказов.', 2, 1000, 1, 3, '01.01.2010');   
INSERT INTO BOOKS (NAME_BOOK, ID_AGE_LIMIT, PRICE, ID_BOOK_TYPE, ID_PUBLISHING_HOUSE, YEAR_OF_PUBLISHING) 
    VALUES ('Стихи и рассказы о Родине', 2, 1000, 1, 2, '01.01.2011');   
INSERT INTO BOOKS (NAME_BOOK, ID_AGE_LIMIT, PRICE, ID_BOOK_TYPE, ID_PUBLISHING_HOUSE, YEAR_OF_PUBLISHING) 
    VALUES ('Все-все-все сказки', 2, 1000, 1, 1, '01.01.2012');   
INSERT INTO BOOKS (NAME_BOOK, ID_AGE_LIMIT, PRICE, ID_BOOK_TYPE, ID_PUBLISHING_HOUSE, YEAR_OF_PUBLISHING) 
    VALUES ('Над пропастью в поколение', 2, 1000, 1, 2, '01.01.2013');  
INSERT INTO BOOKS (NAME_BOOK, ID_AGE_LIMIT, PRICE, ID_BOOK_TYPE, ID_PUBLISHING_HOUSE, YEAR_OF_PUBLISHING) 
    VALUES ('Сказки для детей', 2, 1000, 1, 3, '01.01.2014');
INSERT INTO BOOKS (NAME_BOOK, ID_AGE_LIMIT, PRICE, ID_BOOK_TYPE, ID_PUBLISHING_HOUSE, YEAR_OF_PUBLISHING) 
    VALUES ('Сборник рассказов', 1, 1000, 1, 4, '01.01.2015');
    /*Журналы*/
INSERT INTO BOOKS (NAME_BOOK, ID_AGE_LIMIT, PRICE, ID_BOOK_TYPE, ID_PUBLISHING_HOUSE, YEAR_OF_PUBLISHING) 
    VALUES ('Максим', 1, 150, 2, 5, '01.01.2017'); 
    /*Газеты*/
INSERT INTO BOOKS (NAME_BOOK, ID_AGE_LIMIT, PRICE, ID_BOOK_TYPE, ID_PUBLISHING_HOUSE, YEAR_OF_PUBLISHING) 
    VALUES ('Известия', 1, 50, 3, 6, '01.01.2018');
    
INSERT INTO BOOKS (NAME_BOOK, ID_AGE_LIMIT, PRICE, ID_BOOK_TYPE, ID_PUBLISHING_HOUSE, YEAR_OF_PUBLISHING) 
    VALUES ('Инфа Нью', 1, 50, 3, 6, '01.01.2017');

/*заполняем AUTHOR_BOOK*/
INSERT INTO AUTHOR_BOOK (ID_BOOK, ID_AUTHOR) VALUES (1, 1);
INSERT INTO AUTHOR_BOOK (ID_BOOK, ID_AUTHOR) VALUES (2, 1);
INSERT INTO AUTHOR_BOOK (ID_BOOK, ID_AUTHOR) VALUES (3, 1);
INSERT INTO AUTHOR_BOOK (ID_BOOK, ID_AUTHOR) VALUES (4, 1);
INSERT INTO AUTHOR_BOOK (ID_BOOK, ID_AUTHOR) VALUES (5, 2);
INSERT INTO AUTHOR_BOOK (ID_BOOK, ID_AUTHOR) VALUES (6, 2);
INSERT INTO AUTHOR_BOOK (ID_BOOK, ID_AUTHOR) VALUES (8, 2);
INSERT INTO AUTHOR_BOOK (ID_BOOK, ID_AUTHOR) VALUES (9, 2);
INSERT INTO AUTHOR_BOOK (ID_BOOK, ID_AUTHOR) VALUES (10, 3);
INSERT INTO AUTHOR_BOOK (ID_BOOK, ID_AUTHOR) VALUES (11, 3);
INSERT INTO AUTHOR_BOOK (ID_BOOK, ID_AUTHOR) VALUES (12,4);
INSERT INTO AUTHOR_BOOK (ID_BOOK, ID_AUTHOR) VALUES (13, 5);
INSERT INTO AUTHOR_BOOK (ID_BOOK, ID_AUTHOR) VALUES (14, 6);
INSERT INTO AUTHOR_BOOK (ID_BOOK, ID_AUTHOR) VALUES (15, 7);
INSERT INTO AUTHOR_BOOK (ID_BOOK, ID_AUTHOR) VALUES (16, 8);
INSERT INTO AUTHOR_BOOK (ID_BOOK, ID_AUTHOR) VALUES (17, 1);
INSERT INTO AUTHOR_BOOK (ID_BOOK, ID_AUTHOR) VALUES (18, 10);
INSERT INTO AUTHOR_BOOK (ID_BOOK, ID_AUTHOR) VALUES (19, 9);
INSERT INTO AUTHOR_BOOK (ID_BOOK, ID_AUTHOR) VALUES (20, 11);
INSERT INTO AUTHOR_BOOK (ID_BOOK, ID_AUTHOR) VALUES (20, 12);
INSERT INTO AUTHOR_BOOK (ID_BOOK, ID_AUTHOR) VALUES (21, 13);
INSERT INTO AUTHOR_BOOK (ID_BOOK, ID_AUTHOR) VALUES (21, 14);
INSERT INTO AUTHOR_BOOK (ID_BOOK, ID_AUTHOR) VALUES (22, 15);
INSERT INTO AUTHOR_BOOK (ID_BOOK, ID_AUTHOR) VALUES (22, 16);
INSERT INTO AUTHOR_BOOK (ID_BOOK, ID_AUTHOR) VALUES (23, 17);
INSERT INTO AUTHOR_BOOK (ID_BOOK, ID_AUTHOR) VALUES (23, 18);
INSERT INTO AUTHOR_BOOK (ID_BOOK, ID_AUTHOR) VALUES (24, 19);
INSERT INTO AUTHOR_BOOK (ID_BOOK, ID_AUTHOR) VALUES (24, 20);
INSERT INTO AUTHOR_BOOK (ID_BOOK, ID_AUTHOR) VALUES (25, 21);
INSERT INTO AUTHOR_BOOK (ID_BOOK, ID_AUTHOR) VALUES (25, 22);
INSERT INTO AUTHOR_BOOK (ID_BOOK, ID_AUTHOR) VALUES (26, 23);
INSERT INTO AUTHOR_BOOK (ID_BOOK, ID_AUTHOR) VALUES (26, 24);
INSERT INTO AUTHOR_BOOK (ID_BOOK, ID_AUTHOR) VALUES (27, 1);
INSERT INTO AUTHOR_BOOK (ID_BOOK, ID_AUTHOR) VALUES (27, 10);
INSERT INTO AUTHOR_BOOK (ID_BOOK, ID_AUTHOR) VALUES (28, 25);
INSERT INTO AUTHOR_BOOK (ID_BOOK, ID_AUTHOR) VALUES (28, 26);
INSERT INTO AUTHOR_BOOK (ID_BOOK, ID_AUTHOR) VALUES (29, 27);
INSERT INTO AUTHOR_BOOK (ID_BOOK, ID_AUTHOR) VALUES (29, 28);
INSERT INTO AUTHOR_BOOK (ID_BOOK, ID_AUTHOR) VALUES (30, 29);
INSERT INTO AUTHOR_BOOK (ID_BOOK, ID_AUTHOR) VALUES (30, 30);
INSERT INTO AUTHOR_BOOK (ID_BOOK, ID_AUTHOR) VALUES (1, 2);
    
/*заполняем LIBRARY_CARD*/
INSERT INTO LIBRARY_CARD (READERS_FIRSTNAME, READERS_LASTNAME, SUM_FINES, ID_ROLE, DATE_OF_BIRTH, DATE_OF_ISSUE_CARD, ID_READER_RATING, AGE_READERS) 
    VALUES ('Антон', 'Шилов', 0, 1, TO_DATE('2020/07/10', 'yyyy/mm/dd'), TO_DATE('2019/07/22', 'yyyy/mm/dd'), 5, TRUNC(MONTHS_BETWEEN(CURRENT_DATE,TO_DATE('1986/07/10', 'yyyy/mm/dd')) / 12));
INSERT INTO LIBRARY_CARD (READERS_FIRSTNAME, READERS_LASTNAME, SUM_FINES, ID_ROLE, DATE_OF_BIRTH, DATE_OF_ISSUE_CARD, ID_READER_RATING, AGE_READERS) 
    VALUES ('Сергей', 'Яхно', 0, 1, TO_DATE('2021/12/25', 'yyyy/mm/dd'), TO_DATE('2020/07/15', 'yyyy/mm/dd'), 2, TRUNC(MONTHS_BETWEEN(CURRENT_DATE,TO_DATE('1985/12/25', 'yyyy/mm/dd')) / 12));
INSERT INTO LIBRARY_CARD (READERS_FIRSTNAME, READERS_LASTNAME, SUM_FINES, ID_ROLE, DATE_OF_BIRTH, DATE_OF_ISSUE_CARD, ID_READER_RATING, AGE_READERS) 
    VALUES ('Павел', 'Струк', 0, 1, TO_DATE('1980/01/01', 'yyyy/mm/dd'), TO_DATE('2015/12/14', 'yyyy/mm/dd'), 3, TRUNC(MONTHS_BETWEEN(CURRENT_DATE,TO_DATE('1980/01/01', 'yyyy/mm/dd')) / 12));
INSERT INTO LIBRARY_CARD (READERS_FIRSTNAME, READERS_LASTNAME, SUM_FINES, ID_ROLE, DATE_OF_BIRTH, DATE_OF_ISSUE_CARD, ID_READER_RATING, AGE_READERS) 
    VALUES ('Анатолий', 'Вассерман', 100, 1, TO_DATE('1996/05/11', 'yyyy/mm/dd'), TO_DATE('2016/11/10', 'yyyy/mm/dd'), 4, TRUNC(MONTHS_BETWEEN(CURRENT_DATE,TO_DATE('1996/05/11', 'yyyy/mm/dd')) / 12));
INSERT INTO LIBRARY_CARD (READERS_FIRSTNAME, READERS_LASTNAME, SUM_FINES, ID_ROLE, DATE_OF_BIRTH, DATE_OF_ISSUE_CARD, ID_READER_RATING, AGE_READERS) 
    VALUES ('Наталья', 'Плотникова', 200, 1, TO_DATE('1982/03/01', 'yyyy/mm/dd'), TO_DATE('2021/10/26', 'yyyy/mm/dd'), 5, TRUNC(MONTHS_BETWEEN(CURRENT_DATE,TO_DATE('1982/03/01', 'yyyy/mm/dd')) / 12));
INSERT INTO LIBRARY_CARD (READERS_FIRSTNAME, READERS_LASTNAME, SUM_FINES, ID_ROLE, DATE_OF_BIRTH, DATE_OF_ISSUE_CARD, ID_READER_RATING, AGE_READERS) 
    VALUES ('Татьяна', 'Шилова', 0, 1, TO_DATE('2000/06/20', 'yyyy/mm/dd'), TO_DATE('2016/09/17', 'yyyy/mm/dd'), 1, TRUNC(MONTHS_BETWEEN(CURRENT_DATE,TO_DATE('2000/06/20', 'yyyy/mm/dd')) / 12));
INSERT INTO LIBRARY_CARD (READERS_FIRSTNAME, READERS_LASTNAME, SUM_FINES, ID_ROLE, DATE_OF_BIRTH, DATE_OF_ISSUE_CARD, ID_READER_RATING, AGE_READERS) 
    VALUES ('Марина', 'Гаврилова', 300, 1, TO_DATE('1985/07/10', 'yyyy/mm/dd'), TO_DATE('2019/07/18', 'yyyy/mm/dd'), 2, TRUNC(MONTHS_BETWEEN(CURRENT_DATE,TO_DATE('1985/07/10', 'yyyy/mm/dd')) / 12));
INSERT INTO LIBRARY_CARD (READERS_FIRSTNAME, READERS_LASTNAME, SUM_FINES, ID_ROLE, DATE_OF_BIRTH, DATE_OF_ISSUE_CARD, ID_READER_RATING, AGE_READERS) 
    VALUES ('Кирилл', 'Сайко', 0, 1, TO_DATE('1989/09/05', 'yyyy/mm/dd'), TO_DATE('2017/08/09', 'yyyy/mm/dd'), 3, TRUNC(MONTHS_BETWEEN(CURRENT_DATE,TO_DATE('1989/09/05', 'yyyy/mm/dd')) / 12));
INSERT INTO LIBRARY_CARD (READERS_FIRSTNAME, READERS_LASTNAME, SUM_FINES, ID_ROLE, DATE_OF_BIRTH, DATE_OF_ISSUE_CARD, ID_READER_RATING, AGE_READERS) 
    VALUES ('Виталий', 'Игнатьев', 0, 1, TO_DATE('1992/08/15', 'yyyy/mm/dd'), TO_DATE('2017/06/06', 'yyyy/mm/dd'), 4, TRUNC(MONTHS_BETWEEN(CURRENT_DATE,TO_DATE('1992/08/15', 'yyyy/mm/dd')) / 12));
INSERT INTO LIBRARY_CARD (READERS_FIRSTNAME, READERS_LASTNAME, SUM_FINES, ID_ROLE, DATE_OF_BIRTH, DATE_OF_ISSUE_CARD, ID_READER_RATING, AGE_READERS) 
    VALUES ('Алексей', 'Даль', 0, 1, TO_DATE('1993/11/26', 'yyyy/mm/dd'), TO_DATE('2019/05/05', 'yyyy/mm/dd'), 5, TRUNC(MONTHS_BETWEEN(CURRENT_DATE,TO_DATE('1993/11/26', 'yyyy/mm/dd')) / 12));
INSERT INTO LIBRARY_CARD (READERS_FIRSTNAME, READERS_LASTNAME, SUM_FINES, ID_ROLE, DATE_OF_BIRTH, DATE_OF_ISSUE_CARD, ID_READER_RATING, AGE_READERS) 
    VALUES ('Павел', 'Коврижных', 0, 1, TO_DATE('1995/02/09', 'yyyy/mm/dd'), TO_DATE('2018/04/01', 'yyyy/mm/dd'), 1, TRUNC(MONTHS_BETWEEN(CURRENT_DATE,TO_DATE('1995/02/09', 'yyyy/mm/dd')) / 12));
INSERT INTO LIBRARY_CARD (READERS_FIRSTNAME, READERS_LASTNAME, SUM_FINES, ID_ROLE, DATE_OF_BIRTH, DATE_OF_ISSUE_CARD, ID_READER_RATING, AGE_READERS) 
    VALUES ('Дмитрий', 'Лобанов', 0, 1, TO_DATE('1973/04/05', 'yyyy/mm/dd'), TO_DATE('2020/03/02', 'yyyy/mm/dd'), 2, TRUNC(MONTHS_BETWEEN(CURRENT_DATE,TO_DATE('1973/04/05', 'yyyy/mm/dd')) / 12));
INSERT INTO LIBRARY_CARD (READERS_FIRSTNAME, READERS_LASTNAME, SUM_FINES, ID_ROLE, DATE_OF_BIRTH, DATE_OF_ISSUE_CARD, ID_READER_RATING, AGE_READERS) 
    VALUES ('Александр', 'Горбатюк', 0, 2, TO_DATE('1956/06/21', 'yyyy/mm/dd'), TO_DATE('2020/02/03', 'yyyy/mm/dd'), 3, TRUNC(MONTHS_BETWEEN(CURRENT_DATE,TO_DATE('1956/06/21', 'yyyy/mm/dd')) / 12));
INSERT INTO LIBRARY_CARD (READERS_FIRSTNAME, READERS_LASTNAME, SUM_FINES, ID_ROLE, DATE_OF_BIRTH, DATE_OF_ISSUE_CARD, ID_READER_RATING, AGE_READERS) 
    VALUES ('Татьяна', 'Голикова', 0, 2, TO_DATE('1999/06/14', 'yyyy/mm/dd'), TO_DATE('2020/07/01', 'yyyy/mm/dd'), 4, TRUNC(MONTHS_BETWEEN(CURRENT_DATE,TO_DATE('1999/06/14', 'yyyy/mm/dd')) / 12));
INSERT INTO LIBRARY_CARD (READERS_FIRSTNAME, READERS_LASTNAME, SUM_FINES, ID_ROLE, DATE_OF_BIRTH, DATE_OF_ISSUE_CARD, ID_READER_RATING, AGE_READERS) 
    VALUES ('Екатерина', 'Симбирцева', 0, 2, TO_DATE('1978/12/11', 'yyyy/mm/dd'), TO_DATE('2021/12/09', 'yyyy/mm/dd'), 5, TRUNC(MONTHS_BETWEEN(CURRENT_DATE,TO_DATE('1978/12/11', 'yyyy/mm/dd')) / 12));
INSERT INTO LIBRARY_CARD (READERS_FIRSTNAME, READERS_LASTNAME, SUM_FINES, ID_ROLE, DATE_OF_BIRTH, DATE_OF_ISSUE_CARD, ID_READER_RATING, AGE_READERS) 
    VALUES ('Максим', 'Новицкий', 0, 2, TO_DATE('1988/04/22', 'yyyy/mm/dd'), TO_DATE('2020/11/10', 'yyyy/mm/dd'), 1, TRUNC(MONTHS_BETWEEN(CURRENT_DATE,TO_DATE('1988/04/22', 'yyyy/mm/dd')) / 12));
INSERT INTO LIBRARY_CARD (READERS_FIRSTNAME, READERS_LASTNAME, SUM_FINES, ID_ROLE, DATE_OF_BIRTH, DATE_OF_ISSUE_CARD, ID_READER_RATING, AGE_READERS) 
    VALUES ('Евгений', 'Максимов', 0, 2, TO_DATE('1987/08/12', 'yyyy/mm/dd'), TO_DATE('2019/10/15', 'yyyy/mm/dd'), 2, TRUNC(MONTHS_BETWEEN(CURRENT_DATE,TO_DATE('1987/08/12', 'yyyy/mm/dd')) / 12));
INSERT INTO LIBRARY_CARD (READERS_FIRSTNAME, READERS_LASTNAME, SUM_FINES, ID_ROLE, DATE_OF_BIRTH, DATE_OF_ISSUE_CARD, ID_READER_RATING, AGE_READERS) 
    VALUES ('Евгения', 'Алексеева', 0, 2, TO_DATE('1995/02/09', 'yyyy/mm/dd'), TO_DATE('2017/09/03', 'yyyy/mm/dd'), 3, TRUNC(MONTHS_BETWEEN(CURRENT_DATE,TO_DATE('1995/02/09', 'yyyy/mm/dd')) / 12));
INSERT INTO LIBRARY_CARD (READERS_FIRSTNAME, READERS_LASTNAME, SUM_FINES, ID_ROLE, DATE_OF_BIRTH, DATE_OF_ISSUE_CARD, ID_READER_RATING, AGE_READERS) 
    VALUES ('Дарья', 'Анохина', 0, 2, TO_DATE('1992/10/23', 'yyyy/mm/dd'), TO_DATE('2019/08/09', 'yyyy/mm/dd'), 4, TRUNC(MONTHS_BETWEEN(CURRENT_DATE,TO_DATE('1992/10/23', 'yyyy/mm/dd')) / 12));
INSERT INTO LIBRARY_CARD (READERS_FIRSTNAME, READERS_LASTNAME, SUM_FINES, ID_ROLE, DATE_OF_BIRTH, DATE_OF_ISSUE_CARD, ID_READER_RATING, AGE_READERS) 
    VALUES ('Дмитрий', 'Голуб', 0, 2, TO_DATE('1990/01/07', 'yyyy/mm/dd'), TO_DATE('2019/06/29', 'yyyy/mm/dd'), 1, TRUNC(MONTHS_BETWEEN(CURRENT_DATE,TO_DATE('1990/01/07', 'yyyy/mm/dd')) / 12));



/*заполняем GENRE_BOOK*/
INSERT INTO GENRE_BOOK (ID_BOOK, ID_GENRE) VALUES (1, 7);
INSERT INTO GENRE_BOOK (ID_BOOK, ID_GENRE) VALUES (2, 7);
INSERT INTO GENRE_BOOK (ID_BOOK, ID_GENRE) VALUES (3, 7);
INSERT INTO GENRE_BOOK (ID_BOOK, ID_GENRE) VALUES (4, 7);
INSERT INTO GENRE_BOOK (ID_BOOK, ID_GENRE) VALUES (5, 7);
INSERT INTO GENRE_BOOK (ID_BOOK, ID_GENRE) VALUES (6, 7);
INSERT INTO GENRE_BOOK (ID_BOOK, ID_GENRE) VALUES (7, 7);
INSERT INTO GENRE_BOOK (ID_BOOK, ID_GENRE) VALUES (8, 7);
INSERT INTO GENRE_BOOK (ID_BOOK, ID_GENRE) VALUES (9, 7);
INSERT INTO GENRE_BOOK (ID_BOOK, ID_GENRE) VALUES (10, 7);
INSERT INTO GENRE_BOOK (ID_BOOK, ID_GENRE) VALUES (11, 7);
INSERT INTO GENRE_BOOK (ID_BOOK, ID_GENRE) VALUES (12, 7);
INSERT INTO GENRE_BOOK (ID_BOOK, ID_GENRE) VALUES (13, 7);
INSERT INTO GENRE_BOOK (ID_BOOK, ID_GENRE) VALUES (14, 7);
INSERT INTO GENRE_BOOK (ID_BOOK, ID_GENRE) VALUES (15, 7);
INSERT INTO GENRE_BOOK (ID_BOOK, ID_GENRE) VALUES (16, 7);
INSERT INTO GENRE_BOOK (ID_BOOK, ID_GENRE) VALUES (17, 7);
INSERT INTO GENRE_BOOK (ID_BOOK, ID_GENRE) VALUES (18, 7);
INSERT INTO GENRE_BOOK (ID_BOOK, ID_GENRE) VALUES (19, 7);
INSERT INTO GENRE_BOOK (ID_BOOK, ID_GENRE) VALUES (20, 7);
INSERT INTO GENRE_BOOK (ID_BOOK, ID_GENRE) VALUES (21, 1);
INSERT INTO GENRE_BOOK (ID_BOOK, ID_GENRE) VALUES (22, 7);
INSERT INTO GENRE_BOOK (ID_BOOK, ID_GENRE) VALUES (23, 7);
INSERT INTO GENRE_BOOK (ID_BOOK, ID_GENRE) VALUES (24, 12);
INSERT INTO GENRE_BOOK (ID_BOOK, ID_GENRE) VALUES (25, 12);
INSERT INTO GENRE_BOOK (ID_BOOK, ID_GENRE) VALUES (26, 9);
INSERT INTO GENRE_BOOK (ID_BOOK, ID_GENRE) VALUES (27, 12);
INSERT INTO GENRE_BOOK (ID_BOOK, ID_GENRE) VALUES (28, 5);
INSERT INTO GENRE_BOOK (ID_BOOK, ID_GENRE) VALUES (29, 12);
INSERT INTO GENRE_BOOK (ID_BOOK, ID_GENRE) VALUES (29, 6);
INSERT INTO GENRE_BOOK (ID_BOOK, ID_GENRE) VALUES (14, 1);
INSERT INTO GENRE_BOOK (ID_BOOK, ID_GENRE) VALUES (1, 5);

/*заполняем TAGS_BOOK*/
INSERT INTO TAGS_BOOK (ID_BOOK, ID_TAG) VALUES (4, 1);
INSERT INTO TAGS_BOOK (ID_BOOK, ID_TAG) VALUES (1, 1);
INSERT INTO TAGS_BOOK (ID_BOOK, ID_TAG) VALUES (2, 1);
INSERT INTO TAGS_BOOK (ID_BOOK, ID_TAG) VALUES (6, 1);
INSERT INTO TAGS_BOOK (ID_BOOK, ID_TAG) VALUES (4, 2);
INSERT INTO TAGS_BOOK (ID_BOOK, ID_TAG) VALUES (6, 2);
INSERT INTO TAGS_BOOK (ID_BOOK, ID_TAG) VALUES (1, 2);
INSERT INTO TAGS_BOOK (ID_BOOK, ID_TAG) VALUES (2, 2);
INSERT INTO TAGS_BOOK (ID_BOOK, ID_TAG) VALUES (12, 1);
INSERT INTO TAGS_BOOK (ID_BOOK, ID_TAG) VALUES (7, 1);
INSERT INTO TAGS_BOOK (ID_BOOK, ID_TAG) VALUES (4, 5);
INSERT INTO TAGS_BOOK (ID_BOOK, ID_TAG) VALUES (4, 6);
INSERT INTO TAGS_BOOK (ID_BOOK, ID_TAG) VALUES (4, 7);
INSERT INTO TAGS_BOOK (ID_BOOK, ID_TAG) VALUES (4, 8);
INSERT INTO TAGS_BOOK (ID_BOOK, ID_TAG) VALUES (4, 9);
INSERT INTO TAGS_BOOK (ID_BOOK, ID_TAG) VALUES (4, 10);
INSERT INTO TAGS_BOOK (ID_BOOK, ID_TAG) VALUES (4, 11);
INSERT INTO TAGS_BOOK (ID_BOOK, ID_TAG) VALUES (4, 12);
INSERT INTO TAGS_BOOK (ID_BOOK, ID_TAG) VALUES (4, 13);
INSERT INTO TAGS_BOOK (ID_BOOK, ID_TAG) VALUES (4, 14);
INSERT INTO TAGS_BOOK (ID_BOOK, ID_TAG) VALUES (4, 15);
INSERT INTO TAGS_BOOK (ID_BOOK, ID_TAG) VALUES (4, 16);
INSERT INTO TAGS_BOOK (ID_BOOK, ID_TAG) VALUES (4, 17);
INSERT INTO TAGS_BOOK (ID_BOOK, ID_TAG) VALUES (4, 18);
INSERT INTO TAGS_BOOK (ID_BOOK, ID_TAG) VALUES (4, 19);
INSERT INTO TAGS_BOOK (ID_BOOK, ID_TAG) VALUES (4, 19);

/*заполняем INVENTORY_NUMBER*/
INSERT INTO INVENTORY_NUMBER (ID_BOOK, ARRIVAL_BOOK, WRITE_OFF_DATE_BOOK) VALUES (1, '02.04.1995', NULL);
INSERT INTO INVENTORY_NUMBER (ID_BOOK, ARRIVAL_BOOK, WRITE_OFF_DATE_BOOK) VALUES (1, '02.04.1995', NULL);
INSERT INTO INVENTORY_NUMBER (ID_BOOK, ARRIVAL_BOOK, WRITE_OFF_DATE_BOOK) VALUES (1, '02.04.1995', NULL);
INSERT INTO INVENTORY_NUMBER (ID_BOOK, ARRIVAL_BOOK, WRITE_OFF_DATE_BOOK) VALUES (1, '02.04.1995', NULL);
INSERT INTO INVENTORY_NUMBER (ID_BOOK, ARRIVAL_BOOK, WRITE_OFF_DATE_BOOK) VALUES (1, '02.04.1995', NULL);
INSERT INTO INVENTORY_NUMBER (ID_BOOK, ARRIVAL_BOOK, WRITE_OFF_DATE_BOOK) VALUES (2, '02.04.1995', NULL);
INSERT INTO INVENTORY_NUMBER (ID_BOOK, ARRIVAL_BOOK, WRITE_OFF_DATE_BOOK) VALUES (2, '02.04.1995', NULL);
INSERT INTO INVENTORY_NUMBER (ID_BOOK, ARRIVAL_BOOK, WRITE_OFF_DATE_BOOK) VALUES (2, '02.04.1995', NULL);
INSERT INTO INVENTORY_NUMBER (ID_BOOK, ARRIVAL_BOOK, WRITE_OFF_DATE_BOOK) VALUES (2, '02.04.1995', NULL);
INSERT INTO INVENTORY_NUMBER (ID_BOOK, ARRIVAL_BOOK, WRITE_OFF_DATE_BOOK) VALUES (2, '02.04.1995', NULL);
INSERT INTO INVENTORY_NUMBER (ID_BOOK, ARRIVAL_BOOK, WRITE_OFF_DATE_BOOK) VALUES (2, '02.04.1995', NULL);
INSERT INTO INVENTORY_NUMBER (ID_BOOK, ARRIVAL_BOOK, WRITE_OFF_DATE_BOOK) VALUES (3, '02.04.1995', NULL);
INSERT INTO INVENTORY_NUMBER (ID_BOOK, ARRIVAL_BOOK, WRITE_OFF_DATE_BOOK) VALUES (4, '02.04.1995', NULL);
INSERT INTO INVENTORY_NUMBER (ID_BOOK, ARRIVAL_BOOK, WRITE_OFF_DATE_BOOK) VALUES (4, '02.04.1995', NULL);
INSERT INTO INVENTORY_NUMBER (ID_BOOK, ARRIVAL_BOOK, WRITE_OFF_DATE_BOOK) VALUES (4, '02.04.1995', NULL);
INSERT INTO INVENTORY_NUMBER (ID_BOOK, ARRIVAL_BOOK, WRITE_OFF_DATE_BOOK) VALUES (4, '02.04.1995', NULL);
INSERT INTO INVENTORY_NUMBER (ID_BOOK, ARRIVAL_BOOK, WRITE_OFF_DATE_BOOK) VALUES (4, '02.04.1995', NULL);
INSERT INTO INVENTORY_NUMBER (ID_BOOK, ARRIVAL_BOOK, WRITE_OFF_DATE_BOOK) VALUES (5, '02.04.1995', NULL);
INSERT INTO INVENTORY_NUMBER (ID_BOOK, ARRIVAL_BOOK, WRITE_OFF_DATE_BOOK) VALUES (5, '02.04.1995', NULL);
INSERT INTO INVENTORY_NUMBER (ID_BOOK, ARRIVAL_BOOK, WRITE_OFF_DATE_BOOK) VALUES (5, '02.04.1995', NULL);
INSERT INTO INVENTORY_NUMBER (ID_BOOK, ARRIVAL_BOOK, WRITE_OFF_DATE_BOOK) VALUES (5, '02.04.1995', NULL);
INSERT INTO INVENTORY_NUMBER (ID_BOOK, ARRIVAL_BOOK, WRITE_OFF_DATE_BOOK) VALUES (5, '02.04.1995', NULL);
INSERT INTO INVENTORY_NUMBER (ID_BOOK, ARRIVAL_BOOK, WRITE_OFF_DATE_BOOK) VALUES (5, '02.04.1995', NULL);
INSERT INTO INVENTORY_NUMBER (ID_BOOK, ARRIVAL_BOOK, WRITE_OFF_DATE_BOOK) VALUES (5, '02.04.1995', NULL);
INSERT INTO INVENTORY_NUMBER (ID_BOOK, ARRIVAL_BOOK, WRITE_OFF_DATE_BOOK) VALUES (5, '02.04.1995', NULL);
INSERT INTO INVENTORY_NUMBER (ID_BOOK, ARRIVAL_BOOK, WRITE_OFF_DATE_BOOK) VALUES (5, '02.04.1995', NULL);
INSERT INTO INVENTORY_NUMBER (ID_BOOK, ARRIVAL_BOOK, WRITE_OFF_DATE_BOOK) VALUES (5, '02.04.1995', NULL);
INSERT INTO INVENTORY_NUMBER (ID_BOOK, ARRIVAL_BOOK, WRITE_OFF_DATE_BOOK) VALUES (5, '02.04.1995', NULL);
INSERT INTO INVENTORY_NUMBER (ID_BOOK, ARRIVAL_BOOK, WRITE_OFF_DATE_BOOK) VALUES (5, '02.04.1995', NULL);
INSERT INTO INVENTORY_NUMBER (ID_BOOK, ARRIVAL_BOOK, WRITE_OFF_DATE_BOOK) VALUES (5, '02.04.1995', NULL);
INSERT INTO INVENTORY_NUMBER (ID_BOOK, ARRIVAL_BOOK, WRITE_OFF_DATE_BOOK) VALUES (5, '02.04.1995', NULL);
INSERT INTO INVENTORY_NUMBER (ID_BOOK, ARRIVAL_BOOK, WRITE_OFF_DATE_BOOK) VALUES (6, '02.04.1995', NULL);
INSERT INTO INVENTORY_NUMBER (ID_BOOK, ARRIVAL_BOOK, WRITE_OFF_DATE_BOOK) VALUES (6, '02.04.1995', NULL);
INSERT INTO INVENTORY_NUMBER (ID_BOOK, ARRIVAL_BOOK, WRITE_OFF_DATE_BOOK) VALUES (31, '02.04.1995', NULL);
INSERT INTO INVENTORY_NUMBER (ID_BOOK, ARRIVAL_BOOK, WRITE_OFF_DATE_BOOK) VALUES (32, '02.04.1995', NULL);
INSERT INTO INVENTORY_NUMBER (ID_BOOK, ARRIVAL_BOOK, WRITE_OFF_DATE_BOOK) VALUES (33, '02.04.1995', NULL);
INSERT INTO INVENTORY_NUMBER (ID_BOOK, ARRIVAL_BOOK, WRITE_OFF_DATE_BOOK) VALUES (6, '02.04.1995', NULL);
INSERT INTO INVENTORY_NUMBER (ID_BOOK, ARRIVAL_BOOK, WRITE_OFF_DATE_BOOK) VALUES (6, '02.04.1995', NULL);
INSERT INTO INVENTORY_NUMBER (ID_BOOK, ARRIVAL_BOOK, WRITE_OFF_DATE_BOOK) VALUES (6, '02.04.1995', NULL);
INSERT INTO INVENTORY_NUMBER (ID_BOOK, ARRIVAL_BOOK, WRITE_OFF_DATE_BOOK) VALUES (6, '02.04.1995', NULL);
INSERT INTO INVENTORY_NUMBER (ID_BOOK, ARRIVAL_BOOK, WRITE_OFF_DATE_BOOK) VALUES (6, '02.04.1995', NULL);

INSERT INTO INVENTORY_NUMBER (ID_BOOK, ARRIVAL_BOOK, WRITE_OFF_DATE_BOOK) VALUES (1, '02.04.1995', NULL);
INSERT INTO INVENTORY_NUMBER (ID_BOOK, ARRIVAL_BOOK, WRITE_OFF_DATE_BOOK) VALUES (1, '02.04.1995', NULL);
INSERT INTO INVENTORY_NUMBER (ID_BOOK, ARRIVAL_BOOK, WRITE_OFF_DATE_BOOK) VALUES (1, '02.04.1995', NULL);
INSERT INTO INVENTORY_NUMBER (ID_BOOK, ARRIVAL_BOOK, WRITE_OFF_DATE_BOOK) VALUES (1, '02.04.1995', NULL);
INSERT INTO INVENTORY_NUMBER (ID_BOOK, ARRIVAL_BOOK, WRITE_OFF_DATE_BOOK) VALUES (1, '02.04.1995', NULL);
INSERT INTO INVENTORY_NUMBER (ID_BOOK, ARRIVAL_BOOK, WRITE_OFF_DATE_BOOK) VALUES (2, '02.04.1995', NULL);
INSERT INTO INVENTORY_NUMBER (ID_BOOK, ARRIVAL_BOOK, WRITE_OFF_DATE_BOOK) VALUES (2, '02.04.1995', NULL);
INSERT INTO INVENTORY_NUMBER (ID_BOOK, ARRIVAL_BOOK, WRITE_OFF_DATE_BOOK) VALUES (2, '02.04.1995', NULL);
INSERT INTO INVENTORY_NUMBER (ID_BOOK, ARRIVAL_BOOK, WRITE_OFF_DATE_BOOK) VALUES (2, '02.04.1995', NULL);
INSERT INTO INVENTORY_NUMBER (ID_BOOK, ARRIVAL_BOOK, WRITE_OFF_DATE_BOOK) VALUES (2, '02.04.1995', NULL);
INSERT INTO INVENTORY_NUMBER (ID_BOOK, ARRIVAL_BOOK, WRITE_OFF_DATE_BOOK) VALUES (2, '02.04.1995', NULL);
INSERT INTO INVENTORY_NUMBER (ID_BOOK, ARRIVAL_BOOK, WRITE_OFF_DATE_BOOK) VALUES (3, '02.04.1995', NULL);
INSERT INTO INVENTORY_NUMBER (ID_BOOK, ARRIVAL_BOOK, WRITE_OFF_DATE_BOOK) VALUES (4, '02.04.1995', NULL);
INSERT INTO INVENTORY_NUMBER (ID_BOOK, ARRIVAL_BOOK, WRITE_OFF_DATE_BOOK) VALUES (4, '02.04.1995', NULL);
INSERT INTO INVENTORY_NUMBER (ID_BOOK, ARRIVAL_BOOK, WRITE_OFF_DATE_BOOK) VALUES (4, '02.04.1995', NULL);
INSERT INTO INVENTORY_NUMBER (ID_BOOK, ARRIVAL_BOOK, WRITE_OFF_DATE_BOOK) VALUES (4, '02.04.1995', NULL);
INSERT INTO INVENTORY_NUMBER (ID_BOOK, ARRIVAL_BOOK, WRITE_OFF_DATE_BOOK) VALUES (4, '02.04.1995', NULL);
INSERT INTO INVENTORY_NUMBER (ID_BOOK, ARRIVAL_BOOK, WRITE_OFF_DATE_BOOK) VALUES (5, '02.04.1995', NULL);
INSERT INTO INVENTORY_NUMBER (ID_BOOK, ARRIVAL_BOOK, WRITE_OFF_DATE_BOOK) VALUES (5, '02.04.1995', NULL);
INSERT INTO INVENTORY_NUMBER (ID_BOOK, ARRIVAL_BOOK, WRITE_OFF_DATE_BOOK) VALUES (5, '02.04.1995', NULL);
INSERT INTO INVENTORY_NUMBER (ID_BOOK, ARRIVAL_BOOK, WRITE_OFF_DATE_BOOK) VALUES (5, '02.04.1995', NULL);
INSERT INTO INVENTORY_NUMBER (ID_BOOK, ARRIVAL_BOOK, WRITE_OFF_DATE_BOOK) VALUES (5, '02.04.1995', NULL);
INSERT INTO INVENTORY_NUMBER (ID_BOOK, ARRIVAL_BOOK, WRITE_OFF_DATE_BOOK) VALUES (5, '02.04.1995', NULL);
INSERT INTO INVENTORY_NUMBER (ID_BOOK, ARRIVAL_BOOK, WRITE_OFF_DATE_BOOK) VALUES (5, '02.04.1995', NULL);
INSERT INTO INVENTORY_NUMBER (ID_BOOK, ARRIVAL_BOOK, WRITE_OFF_DATE_BOOK) VALUES (5, '02.04.1995', NULL);
INSERT INTO INVENTORY_NUMBER (ID_BOOK, ARRIVAL_BOOK, WRITE_OFF_DATE_BOOK) VALUES (5, '02.04.1995', NULL);
INSERT INTO INVENTORY_NUMBER (ID_BOOK, ARRIVAL_BOOK, WRITE_OFF_DATE_BOOK) VALUES (5, '02.04.1995', NULL);
INSERT INTO INVENTORY_NUMBER (ID_BOOK, ARRIVAL_BOOK, WRITE_OFF_DATE_BOOK) VALUES (5, '02.04.1995', NULL);
INSERT INTO INVENTORY_NUMBER (ID_BOOK, ARRIVAL_BOOK, WRITE_OFF_DATE_BOOK) VALUES (5, '02.04.1995', NULL);
INSERT INTO INVENTORY_NUMBER (ID_BOOK, ARRIVAL_BOOK, WRITE_OFF_DATE_BOOK) VALUES (5, '02.04.1995', NULL);
INSERT INTO INVENTORY_NUMBER (ID_BOOK, ARRIVAL_BOOK, WRITE_OFF_DATE_BOOK) VALUES (5, '02.04.1995', NULL);
INSERT INTO INVENTORY_NUMBER (ID_BOOK, ARRIVAL_BOOK, WRITE_OFF_DATE_BOOK) VALUES (6, '02.04.1995', NULL);
INSERT INTO INVENTORY_NUMBER (ID_BOOK, ARRIVAL_BOOK, WRITE_OFF_DATE_BOOK) VALUES (6, '02.04.1995', NULL);
INSERT INTO INVENTORY_NUMBER (ID_BOOK, ARRIVAL_BOOK, WRITE_OFF_DATE_BOOK) VALUES (6, '02.04.1995', NULL);
INSERT INTO INVENTORY_NUMBER (ID_BOOK, ARRIVAL_BOOK, WRITE_OFF_DATE_BOOK) VALUES (6, '02.04.1995', NULL);
INSERT INTO INVENTORY_NUMBER (ID_BOOK, ARRIVAL_BOOK, WRITE_OFF_DATE_BOOK) VALUES (6, '02.04.1995', NULL);
INSERT INTO INVENTORY_NUMBER (ID_BOOK, ARRIVAL_BOOK, WRITE_OFF_DATE_BOOK) VALUES (6, '02.04.1995', NULL);
INSERT INTO INVENTORY_NUMBER (ID_BOOK, ARRIVAL_BOOK, WRITE_OFF_DATE_BOOK) VALUES (6, '02.04.1995', NULL);
INSERT INTO INVENTORY_NUMBER (ID_BOOK, ARRIVAL_BOOK, WRITE_OFF_DATE_BOOK) VALUES (6, '02.04.1995', NULL);
INSERT INTO INVENTORY_NUMBER (ID_BOOK, ARRIVAL_BOOK, WRITE_OFF_DATE_BOOK) VALUES (6, '02.04.1995', NULL);
INSERT INTO INVENTORY_NUMBER (ID_BOOK, ARRIVAL_BOOK, WRITE_OFF_DATE_BOOK) VALUES (6, '02.04.1995', NULL);

INSERT INTO INVENTORY_NUMBER (ID_BOOK, ARRIVAL_BOOK, WRITE_OFF_DATE_BOOK) VALUES (1, '02.04.1995', NULL);
INSERT INTO INVENTORY_NUMBER (ID_BOOK, ARRIVAL_BOOK, WRITE_OFF_DATE_BOOK) VALUES (1, '02.04.1995', NULL);
INSERT INTO INVENTORY_NUMBER (ID_BOOK, ARRIVAL_BOOK, WRITE_OFF_DATE_BOOK) VALUES (1, '02.04.1995', NULL);
INSERT INTO INVENTORY_NUMBER (ID_BOOK, ARRIVAL_BOOK, WRITE_OFF_DATE_BOOK) VALUES (1, '02.04.1995', NULL);
INSERT INTO INVENTORY_NUMBER (ID_BOOK, ARRIVAL_BOOK, WRITE_OFF_DATE_BOOK) VALUES (1, '02.04.1995', NULL);
INSERT INTO INVENTORY_NUMBER (ID_BOOK, ARRIVAL_BOOK, WRITE_OFF_DATE_BOOK) VALUES (2, '02.04.1995', NULL);
INSERT INTO INVENTORY_NUMBER (ID_BOOK, ARRIVAL_BOOK, WRITE_OFF_DATE_BOOK) VALUES (2, '02.04.1995', NULL);
INSERT INTO INVENTORY_NUMBER (ID_BOOK, ARRIVAL_BOOK, WRITE_OFF_DATE_BOOK) VALUES (2, '02.04.1995', NULL);
INSERT INTO INVENTORY_NUMBER (ID_BOOK, ARRIVAL_BOOK, WRITE_OFF_DATE_BOOK) VALUES (2, '02.04.1995', NULL);
INSERT INTO INVENTORY_NUMBER (ID_BOOK, ARRIVAL_BOOK, WRITE_OFF_DATE_BOOK) VALUES (2, '02.04.1995', NULL);
INSERT INTO INVENTORY_NUMBER (ID_BOOK, ARRIVAL_BOOK, WRITE_OFF_DATE_BOOK) VALUES (2, '02.04.1995', NULL);
INSERT INTO INVENTORY_NUMBER (ID_BOOK, ARRIVAL_BOOK, WRITE_OFF_DATE_BOOK) VALUES (3, '02.04.1995', NULL);
INSERT INTO INVENTORY_NUMBER (ID_BOOK, ARRIVAL_BOOK, WRITE_OFF_DATE_BOOK) VALUES (4, '02.04.1995', NULL);
INSERT INTO INVENTORY_NUMBER (ID_BOOK, ARRIVAL_BOOK, WRITE_OFF_DATE_BOOK) VALUES (4, '02.04.1995', NULL);
INSERT INTO INVENTORY_NUMBER (ID_BOOK, ARRIVAL_BOOK, WRITE_OFF_DATE_BOOK) VALUES (4, '02.04.1995', NULL);
INSERT INTO INVENTORY_NUMBER (ID_BOOK, ARRIVAL_BOOK, WRITE_OFF_DATE_BOOK) VALUES (4, '02.04.1995', NULL);
INSERT INTO INVENTORY_NUMBER (ID_BOOK, ARRIVAL_BOOK, WRITE_OFF_DATE_BOOK) VALUES (4, '02.04.1995', NULL);
INSERT INTO INVENTORY_NUMBER (ID_BOOK, ARRIVAL_BOOK, WRITE_OFF_DATE_BOOK) VALUES (5, '02.04.1995', NULL);
INSERT INTO INVENTORY_NUMBER (ID_BOOK, ARRIVAL_BOOK, WRITE_OFF_DATE_BOOK) VALUES (5, '02.04.1995', NULL);
INSERT INTO INVENTORY_NUMBER (ID_BOOK, ARRIVAL_BOOK, WRITE_OFF_DATE_BOOK) VALUES (5, '02.04.1995', NULL);
INSERT INTO INVENTORY_NUMBER (ID_BOOK, ARRIVAL_BOOK, WRITE_OFF_DATE_BOOK) VALUES (5, '02.04.1995', NULL);
INSERT INTO INVENTORY_NUMBER (ID_BOOK, ARRIVAL_BOOK, WRITE_OFF_DATE_BOOK) VALUES (5, '02.04.1995', NULL);
INSERT INTO INVENTORY_NUMBER (ID_BOOK, ARRIVAL_BOOK, WRITE_OFF_DATE_BOOK) VALUES (5, '02.04.1995', NULL);
INSERT INTO INVENTORY_NUMBER (ID_BOOK, ARRIVAL_BOOK, WRITE_OFF_DATE_BOOK) VALUES (9, '02.04.1995', NULL);
INSERT INTO INVENTORY_NUMBER (ID_BOOK, ARRIVAL_BOOK, WRITE_OFF_DATE_BOOK) VALUES (5, '02.04.1995', NULL);
INSERT INTO INVENTORY_NUMBER (ID_BOOK, ARRIVAL_BOOK, WRITE_OFF_DATE_BOOK) VALUES (5, '02.04.1995', NULL);
INSERT INTO INVENTORY_NUMBER (ID_BOOK, ARRIVAL_BOOK, WRITE_OFF_DATE_BOOK) VALUES (5, '02.04.1995', NULL);
INSERT INTO INVENTORY_NUMBER (ID_BOOK, ARRIVAL_BOOK, WRITE_OFF_DATE_BOOK) VALUES (5, '02.04.1995', NULL);
INSERT INTO INVENTORY_NUMBER (ID_BOOK, ARRIVAL_BOOK, WRITE_OFF_DATE_BOOK) VALUES (5, '02.04.1995', NULL);
INSERT INTO INVENTORY_NUMBER (ID_BOOK, ARRIVAL_BOOK, WRITE_OFF_DATE_BOOK) VALUES (10, '02.04.1995', NULL);
INSERT INTO INVENTORY_NUMBER (ID_BOOK, ARRIVAL_BOOK, WRITE_OFF_DATE_BOOK) VALUES (5, '02.04.1995', NULL);
INSERT INTO INVENTORY_NUMBER (ID_BOOK, ARRIVAL_BOOK, WRITE_OFF_DATE_BOOK) VALUES (6, '02.04.1995', NULL);
INSERT INTO INVENTORY_NUMBER (ID_BOOK, ARRIVAL_BOOK, WRITE_OFF_DATE_BOOK) VALUES (6, '02.04.1995', NULL);
INSERT INTO INVENTORY_NUMBER (ID_BOOK, ARRIVAL_BOOK, WRITE_OFF_DATE_BOOK) VALUES (6, '02.04.1995', NULL);
INSERT INTO INVENTORY_NUMBER (ID_BOOK, ARRIVAL_BOOK, WRITE_OFF_DATE_BOOK) VALUES (6, '02.04.1995', NULL);
INSERT INTO INVENTORY_NUMBER (ID_BOOK, ARRIVAL_BOOK, WRITE_OFF_DATE_BOOK) VALUES (11, '02.04.1995', NULL);
INSERT INTO INVENTORY_NUMBER (ID_BOOK, ARRIVAL_BOOK, WRITE_OFF_DATE_BOOK) VALUES (11, '02.04.1995', NULL);
INSERT INTO INVENTORY_NUMBER (ID_BOOK, ARRIVAL_BOOK, WRITE_OFF_DATE_BOOK) VALUES (6, '02.04.1995', NULL);
INSERT INTO INVENTORY_NUMBER (ID_BOOK, ARRIVAL_BOOK, WRITE_OFF_DATE_BOOK) VALUES (6, '02.04.1995', NULL);
INSERT INTO INVENTORY_NUMBER (ID_BOOK, ARRIVAL_BOOK, WRITE_OFF_DATE_BOOK) VALUES (6, '02.04.1995', NULL);
INSERT INTO INVENTORY_NUMBER (ID_BOOK, ARRIVAL_BOOK, WRITE_OFF_DATE_BOOK) VALUES (6, '02.04.1995', NULL);

/*заполняем ISSUANCE_LOG*/
INSERT INTO ISSUANCE_LOG (ID_SERVICE_CATEGORY, ID_INVENTORY_NUMBER, ID_BOOK, ID_LIBRAY_CARD, DATE_OF_ISSUE_BOOK, DELIVERY_DATE_BOOK, FACT_DATE_BOOK) 
    VALUES (1, 1, 1, 1, TO_DATE('01.01.2022', 'dd.mm.yyyy'),  TO_DATE('01.02.2022', 'dd.mm.yyyy'), NULL);
INSERT INTO ISSUANCE_LOG (ID_SERVICE_CATEGORY, ID_INVENTORY_NUMBER, ID_BOOK, ID_LIBRAY_CARD, DATE_OF_ISSUE_BOOK, DELIVERY_DATE_BOOK, FACT_DATE_BOOK) 
    VALUES (1, 2, 1, 2, '02.01.2022', '01.02.2022', NULL);
INSERT INTO ISSUANCE_LOG (ID_SERVICE_CATEGORY, ID_INVENTORY_NUMBER, ID_BOOK, ID_LIBRAY_CARD, DATE_OF_ISSUE_BOOK, DELIVERY_DATE_BOOK, FACT_DATE_BOOK) 
    VALUES (1, 3, 1, 3, '01.03.1999', '01.02.2022', NULL);
INSERT INTO ISSUANCE_LOG (ID_SERVICE_CATEGORY, ID_INVENTORY_NUMBER, ID_BOOK, ID_LIBRAY_CARD, DATE_OF_ISSUE_BOOK, DELIVERY_DATE_BOOK, FACT_DATE_BOOK) 
    VALUES (1, 4, 1, 5, '01.02.2005', '01.02.2022', NULL);
INSERT INTO ISSUANCE_LOG (ID_SERVICE_CATEGORY, ID_INVENTORY_NUMBER, ID_BOOK, ID_LIBRAY_CARD, DATE_OF_ISSUE_BOOK, DELIVERY_DATE_BOOK, FACT_DATE_BOOK) 
    VALUES (1, 5, 2, 5, '01.04.2006', '10.12.2022', NULL);
INSERT INTO ISSUANCE_LOG (ID_SERVICE_CATEGORY, ID_INVENTORY_NUMBER, ID_BOOK, ID_LIBRAY_CARD, DATE_OF_ISSUE_BOOK, DELIVERY_DATE_BOOK, FACT_DATE_BOOK) 
    VALUES (1, 6, 2, 5, '01.05.2010', '10.12.2022', '01.02.2022');
INSERT INTO ISSUANCE_LOG (ID_SERVICE_CATEGORY, ID_INVENTORY_NUMBER, ID_BOOK, ID_LIBRAY_CARD, DATE_OF_ISSUE_BOOK, DELIVERY_DATE_BOOK, FACT_DATE_BOOK) 
    VALUES (1, 1, 2, 7, '05.07.2022', '01.02.2022', '01.02.2022');
INSERT INTO ISSUANCE_LOG (ID_SERVICE_CATEGORY, ID_INVENTORY_NUMBER, ID_BOOK, ID_LIBRAY_CARD, DATE_OF_ISSUE_BOOK, DELIVERY_DATE_BOOK, FACT_DATE_BOOK) 
    VALUES (1, 2, 2, 1, '06.08.2022', '01.02.2022', '01.02.2022');
INSERT INTO ISSUANCE_LOG (ID_SERVICE_CATEGORY, ID_INVENTORY_NUMBER, ID_BOOK, ID_LIBRAY_CARD, DATE_OF_ISSUE_BOOK, DELIVERY_DATE_BOOK, FACT_DATE_BOOK) 
    VALUES (1, 3, 3, 5, '07.09.2022', '01.02.2022', '01.02.2022');
INSERT INTO ISSUANCE_LOG (ID_SERVICE_CATEGORY, ID_INVENTORY_NUMBER, ID_BOOK, ID_LIBRAY_CARD, DATE_OF_ISSUE_BOOK, DELIVERY_DATE_BOOK, FACT_DATE_BOOK) 
    VALUES (1, 4, 4, 2, '08.10.2022', '12.03.2022', NULL);
INSERT INTO ISSUANCE_LOG (ID_SERVICE_CATEGORY, ID_INVENTORY_NUMBER, ID_BOOK, ID_LIBRAY_CARD, DATE_OF_ISSUE_BOOK, DELIVERY_DATE_BOOK, FACT_DATE_BOOK) 
    VALUES (1, 5, 5, 1, '09.11.2022', '01.02.2022', NULL);
INSERT INTO ISSUANCE_LOG (ID_SERVICE_CATEGORY, ID_INVENTORY_NUMBER, ID_BOOK, ID_LIBRAY_CARD, DATE_OF_ISSUE_BOOK, DELIVERY_DATE_BOOK, FACT_DATE_BOOK) 
    VALUES (1, 1, 1, 2, '10.12.2022', '01.02.2022', '01.02.2022');
INSERT INTO ISSUANCE_LOG (ID_SERVICE_CATEGORY, ID_INVENTORY_NUMBER, ID_BOOK, ID_LIBRAY_CARD, DATE_OF_ISSUE_BOOK, DELIVERY_DATE_BOOK, FACT_DATE_BOOK) 
    VALUES (1, 1, 1, 1, '11.01.2022', '12.03.2022', NULL);
INSERT INTO ISSUANCE_LOG (ID_SERVICE_CATEGORY, ID_INVENTORY_NUMBER, ID_BOOK, ID_LIBRAY_CARD, DATE_OF_ISSUE_BOOK, DELIVERY_DATE_BOOK, FACT_DATE_BOOK) 
    VALUES (1, 2, 2, 3, '11.02.2022', '01.02.2022', '01.02.2022');
INSERT INTO ISSUANCE_LOG (ID_SERVICE_CATEGORY, ID_INVENTORY_NUMBER, ID_BOOK, ID_LIBRAY_CARD, DATE_OF_ISSUE_BOOK, DELIVERY_DATE_BOOK, FACT_DATE_BOOK) 
    VALUES (1, 10, 2, 6, '12.03.2022', '01.02.2022', '01.02.2022');
INSERT INTO ISSUANCE_LOG (ID_SERVICE_CATEGORY, ID_INVENTORY_NUMBER, ID_BOOK, ID_LIBRAY_CARD, DATE_OF_ISSUE_BOOK, DELIVERY_DATE_BOOK, FACT_DATE_BOOK) 
    VALUES (1, 11, 2, 3, '13.04.2022', '01.02.2022', NULL);
INSERT INTO ISSUANCE_LOG (ID_SERVICE_CATEGORY, ID_INVENTORY_NUMBER, ID_BOOK, ID_LIBRAY_CARD, DATE_OF_ISSUE_BOOK, DELIVERY_DATE_BOOK, FACT_DATE_BOOK) 
    VALUES (1, 10, 2, 3, '14.05.2022', '01.02.2022', NULL);
INSERT INTO ISSUANCE_LOG (ID_SERVICE_CATEGORY, ID_INVENTORY_NUMBER, ID_BOOK, ID_LIBRAY_CARD, DATE_OF_ISSUE_BOOK, DELIVERY_DATE_BOOK, FACT_DATE_BOOK) 
    VALUES (1, 12, 2, 2, '15.06.2022', '01.02.2022', NULL);
INSERT INTO ISSUANCE_LOG (ID_SERVICE_CATEGORY, ID_INVENTORY_NUMBER, ID_BOOK, ID_LIBRAY_CARD, DATE_OF_ISSUE_BOOK, DELIVERY_DATE_BOOK, FACT_DATE_BOOK) 
    VALUES (1, 12, 3, 10, '17.07.2022', '01.02.2022', NULL);
INSERT INTO ISSUANCE_LOG (ID_SERVICE_CATEGORY, ID_INVENTORY_NUMBER, ID_BOOK, ID_LIBRAY_CARD, DATE_OF_ISSUE_BOOK, DELIVERY_DATE_BOOK, FACT_DATE_BOOK) 
    VALUES (1, 1, 3, 11, '18.08.2022', '01.02.2022', NULL);
INSERT INTO ISSUANCE_LOG (ID_SERVICE_CATEGORY, ID_INVENTORY_NUMBER, ID_BOOK, ID_LIBRAY_CARD, DATE_OF_ISSUE_BOOK, DELIVERY_DATE_BOOK, FACT_DATE_BOOK) 
    VALUES (1, 2, 3, 8, '19.09.2022', '01.02.2022', NULL);
INSERT INTO ISSUANCE_LOG (ID_SERVICE_CATEGORY, ID_INVENTORY_NUMBER, ID_BOOK, ID_LIBRAY_CARD, DATE_OF_ISSUE_BOOK, DELIVERY_DATE_BOOK, FACT_DATE_BOOK) 
    VALUES (1, 3, 3, 5, '20.10.2022', '12.03.2022', NULL);
INSERT INTO ISSUANCE_LOG (ID_SERVICE_CATEGORY, ID_INVENTORY_NUMBER, ID_BOOK, ID_LIBRAY_CARD, DATE_OF_ISSUE_BOOK, DELIVERY_DATE_BOOK, FACT_DATE_BOOK) 
    VALUES (1, 4, 3, 3, '21.11.2022', '01.02.2022', NULL);
INSERT INTO ISSUANCE_LOG (ID_SERVICE_CATEGORY, ID_INVENTORY_NUMBER, ID_BOOK, ID_LIBRAY_CARD, DATE_OF_ISSUE_BOOK, DELIVERY_DATE_BOOK, FACT_DATE_BOOK) 
    VALUES (2, 5, 3, 3, '22.12.2022', '01.02.2022', NULL);
INSERT INTO ISSUANCE_LOG (ID_SERVICE_CATEGORY, ID_INVENTORY_NUMBER, ID_BOOK, ID_LIBRAY_CARD, DATE_OF_ISSUE_BOOK, DELIVERY_DATE_BOOK, FACT_DATE_BOOK) 
    VALUES (2, 6, 3, 5, '23.01.2022', '12.03.2022', NULL);
INSERT INTO ISSUANCE_LOG (ID_SERVICE_CATEGORY, ID_INVENTORY_NUMBER, ID_BOOK, ID_LIBRAY_CARD, DATE_OF_ISSUE_BOOK, DELIVERY_DATE_BOOK, FACT_DATE_BOOK) 
    VALUES (2, 7, 3, 5, '24.02.2022', '01.02.2022', NULL);
INSERT INTO ISSUANCE_LOG (ID_SERVICE_CATEGORY, ID_INVENTORY_NUMBER, ID_BOOK, ID_LIBRAY_CARD, DATE_OF_ISSUE_BOOK, DELIVERY_DATE_BOOK, FACT_DATE_BOOK) 
    VALUES (2, 8, 3, 2, '25.03.2022', '12.03.2022', NULL);
INSERT INTO ISSUANCE_LOG (ID_SERVICE_CATEGORY, ID_INVENTORY_NUMBER, ID_BOOK, ID_LIBRAY_CARD, DATE_OF_ISSUE_BOOK, DELIVERY_DATE_BOOK, FACT_DATE_BOOK) 
    VALUES (2, 5, 3, 9, '02.04.2022', '01.02.2022', NULL);

INSERT INTO ISSUANCE_LOG (ID_SERVICE_CATEGORY, ID_INVENTORY_NUMBER, ID_BOOK, ID_LIBRAY_CARD, DATE_OF_ISSUE_BOOK, DELIVERY_DATE_BOOK, FACT_DATE_BOOK) 
    VALUES (1, 1, 3, 1, '01.01.2022', '01.02.2022', NULL);
INSERT INTO ISSUANCE_LOG (ID_SERVICE_CATEGORY, ID_INVENTORY_NUMBER, ID_BOOK, ID_LIBRAY_CARD, DATE_OF_ISSUE_BOOK, DELIVERY_DATE_BOOK, FACT_DATE_BOOK) 
    VALUES (1, 2, 2, 2, '02.01.2022', '01.02.2022', NULL);
INSERT INTO ISSUANCE_LOG (ID_SERVICE_CATEGORY, ID_INVENTORY_NUMBER, ID_BOOK, ID_LIBRAY_CARD, DATE_OF_ISSUE_BOOK, DELIVERY_DATE_BOOK, FACT_DATE_BOOK) 
    VALUES (1, 3, 5, 3, '01.03.1999', '01.02.2022', NULL);
INSERT INTO ISSUANCE_LOG (ID_SERVICE_CATEGORY, ID_INVENTORY_NUMBER, ID_BOOK, ID_LIBRAY_CARD, DATE_OF_ISSUE_BOOK, DELIVERY_DATE_BOOK, FACT_DATE_BOOK) 
    VALUES (1, 4, 7, 5, '01.02.2005', '01.02.2022', NULL);
INSERT INTO ISSUANCE_LOG (ID_SERVICE_CATEGORY, ID_INVENTORY_NUMBER, ID_BOOK, ID_LIBRAY_CARD, DATE_OF_ISSUE_BOOK, DELIVERY_DATE_BOOK, FACT_DATE_BOOK) 
    VALUES (1, 5, 2, 5, '01.04.2006', '10.12.2022', NULL);
INSERT INTO ISSUANCE_LOG (ID_SERVICE_CATEGORY, ID_INVENTORY_NUMBER, ID_BOOK, ID_LIBRAY_CARD, DATE_OF_ISSUE_BOOK, DELIVERY_DATE_BOOK, FACT_DATE_BOOK) 
    VALUES (1, 6, 9, 1, '01.05.2010', '10.12.2022', '01.02.2022');
INSERT INTO ISSUANCE_LOG (ID_SERVICE_CATEGORY, ID_INVENTORY_NUMBER, ID_BOOK, ID_LIBRAY_CARD, DATE_OF_ISSUE_BOOK, DELIVERY_DATE_BOOK, FACT_DATE_BOOK) 
    VALUES (1, 1, 2, 7, '05.07.2022', '01.02.2022', '01.02.2022');
INSERT INTO ISSUANCE_LOG (ID_SERVICE_CATEGORY, ID_INVENTORY_NUMBER, ID_BOOK, ID_LIBRAY_CARD, DATE_OF_ISSUE_BOOK, DELIVERY_DATE_BOOK, FACT_DATE_BOOK) 
    VALUES (1, 2, 5, 1, '06.08.2022', '01.02.2022', '01.02.2022');
INSERT INTO ISSUANCE_LOG (ID_SERVICE_CATEGORY, ID_INVENTORY_NUMBER, ID_BOOK, ID_LIBRAY_CARD, DATE_OF_ISSUE_BOOK, DELIVERY_DATE_BOOK, FACT_DATE_BOOK) 
    VALUES (1, 3, 3, 5, '07.09.2022', '01.02.2022', '01.02.2022');
INSERT INTO ISSUANCE_LOG (ID_SERVICE_CATEGORY, ID_INVENTORY_NUMBER, ID_BOOK, ID_LIBRAY_CARD, DATE_OF_ISSUE_BOOK, DELIVERY_DATE_BOOK, FACT_DATE_BOOK) 
    VALUES (1, 4, 5, 2, '08.10.2022', '12.03.2022', NULL);
INSERT INTO ISSUANCE_LOG (ID_SERVICE_CATEGORY, ID_INVENTORY_NUMBER, ID_BOOK, ID_LIBRAY_CARD, DATE_OF_ISSUE_BOOK, DELIVERY_DATE_BOOK, FACT_DATE_BOOK) 
    VALUES (1, 5, 5, 1, '09.11.2022', '01.02.2022', NULL);
INSERT INTO ISSUANCE_LOG (ID_SERVICE_CATEGORY, ID_INVENTORY_NUMBER, ID_BOOK, ID_LIBRAY_CARD, DATE_OF_ISSUE_BOOK, DELIVERY_DATE_BOOK, FACT_DATE_BOOK) 
    VALUES (1, 1, 2, 2, '10.12.2022', '01.02.2022', '01.02.2022');
INSERT INTO ISSUANCE_LOG (ID_SERVICE_CATEGORY, ID_INVENTORY_NUMBER, ID_BOOK, ID_LIBRAY_CARD, DATE_OF_ISSUE_BOOK, DELIVERY_DATE_BOOK, FACT_DATE_BOOK) 
    VALUES (1, 1, 1, 1, '11.01.2022', '12.03.2022', NULL);
INSERT INTO ISSUANCE_LOG (ID_SERVICE_CATEGORY, ID_INVENTORY_NUMBER, ID_BOOK, ID_LIBRAY_CARD, DATE_OF_ISSUE_BOOK, DELIVERY_DATE_BOOK, FACT_DATE_BOOK) 
    VALUES (1, 2, 2, 3, '11.02.2022', '01.02.2022', '01.02.2022');
INSERT INTO ISSUANCE_LOG (ID_SERVICE_CATEGORY, ID_INVENTORY_NUMBER, ID_BOOK, ID_LIBRAY_CARD, DATE_OF_ISSUE_BOOK, DELIVERY_DATE_BOOK, FACT_DATE_BOOK) 
    VALUES (1, 10, 2, 6, '12.03.2022', '01.02.2022', '01.02.2022');
INSERT INTO ISSUANCE_LOG (ID_SERVICE_CATEGORY, ID_INVENTORY_NUMBER, ID_BOOK, ID_LIBRAY_CARD, DATE_OF_ISSUE_BOOK, DELIVERY_DATE_BOOK, FACT_DATE_BOOK) 
    VALUES (1, 11, 6, 1, '13.04.2022', '01.02.2022', NULL);
INSERT INTO ISSUANCE_LOG (ID_SERVICE_CATEGORY, ID_INVENTORY_NUMBER, ID_BOOK, ID_LIBRAY_CARD, DATE_OF_ISSUE_BOOK, DELIVERY_DATE_BOOK, FACT_DATE_BOOK) 
    VALUES (1, 10, 2, 3, '14.05.2022', '01.02.2022', NULL);
INSERT INTO ISSUANCE_LOG (ID_SERVICE_CATEGORY, ID_INVENTORY_NUMBER, ID_BOOK, ID_LIBRAY_CARD, DATE_OF_ISSUE_BOOK, DELIVERY_DATE_BOOK, FACT_DATE_BOOK) 
    VALUES (1, 12, 2, 2, '15.06.2022', '01.02.2022', NULL);
INSERT INTO ISSUANCE_LOG (ID_SERVICE_CATEGORY, ID_INVENTORY_NUMBER, ID_BOOK, ID_LIBRAY_CARD, DATE_OF_ISSUE_BOOK, DELIVERY_DATE_BOOK, FACT_DATE_BOOK) 
    VALUES (1, 12, 10, 10, '17.07.2022', '01.02.2022', NULL);
INSERT INTO ISSUANCE_LOG (ID_SERVICE_CATEGORY, ID_INVENTORY_NUMBER, ID_BOOK, ID_LIBRAY_CARD, DATE_OF_ISSUE_BOOK, DELIVERY_DATE_BOOK, FACT_DATE_BOOK) 
    VALUES (1, 1, 11, 11, '18.08.2022', '01.02.2022', NULL);
INSERT INTO ISSUANCE_LOG (ID_SERVICE_CATEGORY, ID_INVENTORY_NUMBER, ID_BOOK, ID_LIBRAY_CARD, DATE_OF_ISSUE_BOOK, DELIVERY_DATE_BOOK, FACT_DATE_BOOK) 
    VALUES (1, 2, 3, 8, '19.09.2022', '01.02.2022', NULL);
INSERT INTO ISSUANCE_LOG (ID_SERVICE_CATEGORY, ID_INVENTORY_NUMBER, ID_BOOK, ID_LIBRAY_CARD, DATE_OF_ISSUE_BOOK, DELIVERY_DATE_BOOK, FACT_DATE_BOOK) 
    VALUES (1, 3, 3, 5, '20.10.2022', '12.03.2022', NULL);
INSERT INTO ISSUANCE_LOG (ID_SERVICE_CATEGORY, ID_INVENTORY_NUMBER, ID_BOOK, ID_LIBRAY_CARD, DATE_OF_ISSUE_BOOK, DELIVERY_DATE_BOOK, FACT_DATE_BOOK) 
    VALUES (1, 4, 12, 2, '21.11.2022', '01.02.2022', NULL);
INSERT INTO ISSUANCE_LOG (ID_SERVICE_CATEGORY, ID_INVENTORY_NUMBER, ID_BOOK, ID_LIBRAY_CARD, DATE_OF_ISSUE_BOOK, DELIVERY_DATE_BOOK, FACT_DATE_BOOK) 
    VALUES (2, 5, 3, 3, '22.12.2022', '01.02.2022', NULL);
INSERT INTO ISSUANCE_LOG (ID_SERVICE_CATEGORY, ID_INVENTORY_NUMBER, ID_BOOK, ID_LIBRAY_CARD, DATE_OF_ISSUE_BOOK, DELIVERY_DATE_BOOK, FACT_DATE_BOOK) 
    VALUES (2, 6, 3, 5, '23.01.2022', '12.03.2022', NULL);
INSERT INTO ISSUANCE_LOG (ID_SERVICE_CATEGORY, ID_INVENTORY_NUMBER, ID_BOOK, ID_LIBRAY_CARD, DATE_OF_ISSUE_BOOK, DELIVERY_DATE_BOOK, FACT_DATE_BOOK) 
    VALUES (2, 7, 13, 7, '24.02.2022', '01.02.2022', NULL);
INSERT INTO ISSUANCE_LOG (ID_SERVICE_CATEGORY, ID_INVENTORY_NUMBER, ID_BOOK, ID_LIBRAY_CARD, DATE_OF_ISSUE_BOOK, DELIVERY_DATE_BOOK, FACT_DATE_BOOK) 
    VALUES (2, 8, 3, 2, '25.03.2022', '12.03.2022', NULL);
INSERT INTO ISSUANCE_LOG (ID_SERVICE_CATEGORY, ID_INVENTORY_NUMBER, ID_BOOK, ID_LIBRAY_CARD, DATE_OF_ISSUE_BOOK, DELIVERY_DATE_BOOK, FACT_DATE_BOOK) 
    VALUES (2, 5, 5, 9, '02.04.2022', '01.02.2022', NULL);

INSERT INTO ISSUANCE_LOG (ID_SERVICE_CATEGORY, ID_INVENTORY_NUMBER, ID_BOOK, ID_LIBRAY_CARD, DATE_OF_ISSUE_BOOK, DELIVERY_DATE_BOOK, FACT_DATE_BOOK) 
    VALUES (1, 1, 3, 1, '01.01.2022', '01.02.2022', NULL);
INSERT INTO ISSUANCE_LOG (ID_SERVICE_CATEGORY, ID_INVENTORY_NUMBER, ID_BOOK, ID_LIBRAY_CARD, DATE_OF_ISSUE_BOOK, DELIVERY_DATE_BOOK, FACT_DATE_BOOK) 
    VALUES (1, 2, 2, 2, '02.01.2022', '01.02.2022', NULL);
INSERT INTO ISSUANCE_LOG (ID_SERVICE_CATEGORY, ID_INVENTORY_NUMBER, ID_BOOK, ID_LIBRAY_CARD, DATE_OF_ISSUE_BOOK, DELIVERY_DATE_BOOK, FACT_DATE_BOOK) 
    VALUES (1, 3, 5, 3, '01.03.1999', '01.02.2022', NULL);
INSERT INTO ISSUANCE_LOG (ID_SERVICE_CATEGORY, ID_INVENTORY_NUMBER, ID_BOOK, ID_LIBRAY_CARD, DATE_OF_ISSUE_BOOK, DELIVERY_DATE_BOOK, FACT_DATE_BOOK) 
    VALUES (1, 4, 7, 5, '01.02.2005', '01.02.2022', NULL);
INSERT INTO ISSUANCE_LOG (ID_SERVICE_CATEGORY, ID_INVENTORY_NUMBER, ID_BOOK, ID_LIBRAY_CARD, DATE_OF_ISSUE_BOOK, DELIVERY_DATE_BOOK, FACT_DATE_BOOK) 
    VALUES (1, 5, 2, 10, '01.04.2006', '10.12.2022', NULL);
INSERT INTO ISSUANCE_LOG (ID_SERVICE_CATEGORY, ID_INVENTORY_NUMBER, ID_BOOK, ID_LIBRAY_CARD, DATE_OF_ISSUE_BOOK, DELIVERY_DATE_BOOK, FACT_DATE_BOOK) 
    VALUES (1, 6, 9, 1, '01.05.2010', '10.12.2022', '01.02.2022');
INSERT INTO ISSUANCE_LOG (ID_SERVICE_CATEGORY, ID_INVENTORY_NUMBER, ID_BOOK, ID_LIBRAY_CARD, DATE_OF_ISSUE_BOOK, DELIVERY_DATE_BOOK, FACT_DATE_BOOK) 
    VALUES (1, 1, 2, 7, '05.07.2022', '01.02.2022', '01.02.2022');
INSERT INTO ISSUANCE_LOG (ID_SERVICE_CATEGORY, ID_INVENTORY_NUMBER, ID_BOOK, ID_LIBRAY_CARD, DATE_OF_ISSUE_BOOK, DELIVERY_DATE_BOOK, FACT_DATE_BOOK) 
    VALUES (1, 2, 5, 1, '06.08.2022', '01.02.2022', '01.02.2022');
INSERT INTO ISSUANCE_LOG (ID_SERVICE_CATEGORY, ID_INVENTORY_NUMBER, ID_BOOK, ID_LIBRAY_CARD, DATE_OF_ISSUE_BOOK, DELIVERY_DATE_BOOK, FACT_DATE_BOOK) 
    VALUES (1, 3, 3, 5, '07.09.2022', '01.02.2022', '01.02.2022');
INSERT INTO ISSUANCE_LOG (ID_SERVICE_CATEGORY, ID_INVENTORY_NUMBER, ID_BOOK, ID_LIBRAY_CARD, DATE_OF_ISSUE_BOOK, DELIVERY_DATE_BOOK, FACT_DATE_BOOK) 
    VALUES (1, 4, 5, 2, '08.10.2022', '12.03.2022', NULL);
INSERT INTO ISSUANCE_LOG (ID_SERVICE_CATEGORY, ID_INVENTORY_NUMBER, ID_BOOK, ID_LIBRAY_CARD, DATE_OF_ISSUE_BOOK, DELIVERY_DATE_BOOK, FACT_DATE_BOOK) 
    VALUES (1, 5, 5, 2, '09.11.2022', '01.02.2022', NULL);
INSERT INTO ISSUANCE_LOG (ID_SERVICE_CATEGORY, ID_INVENTORY_NUMBER, ID_BOOK, ID_LIBRAY_CARD, DATE_OF_ISSUE_BOOK, DELIVERY_DATE_BOOK, FACT_DATE_BOOK) 
    VALUES (1, 1, 2, 15, '10.12.2022', '01.02.2022', '01.02.2022');
INSERT INTO ISSUANCE_LOG (ID_SERVICE_CATEGORY, ID_INVENTORY_NUMBER, ID_BOOK, ID_LIBRAY_CARD, DATE_OF_ISSUE_BOOK, DELIVERY_DATE_BOOK, FACT_DATE_BOOK) 
    VALUES (1, 1, 1, 1, '11.01.2022', '12.03.2022', NULL);
INSERT INTO ISSUANCE_LOG (ID_SERVICE_CATEGORY, ID_INVENTORY_NUMBER, ID_BOOK, ID_LIBRAY_CARD, DATE_OF_ISSUE_BOOK, DELIVERY_DATE_BOOK, FACT_DATE_BOOK) 
    VALUES (1, 2, 2, 16, '11.02.2022', '01.02.2022', '01.02.2022');
INSERT INTO ISSUANCE_LOG (ID_SERVICE_CATEGORY, ID_INVENTORY_NUMBER, ID_BOOK, ID_LIBRAY_CARD, DATE_OF_ISSUE_BOOK, DELIVERY_DATE_BOOK, FACT_DATE_BOOK) 
    VALUES (1, 10, 2, 6, '12.03.2022', '01.02.2022', '01.02.2022');
INSERT INTO ISSUANCE_LOG (ID_SERVICE_CATEGORY, ID_INVENTORY_NUMBER, ID_BOOK, ID_LIBRAY_CARD, DATE_OF_ISSUE_BOOK, DELIVERY_DATE_BOOK, FACT_DATE_BOOK) 
    VALUES (1, 11, 6, 16, '13.04.2022', '01.02.2022', NULL);
INSERT INTO ISSUANCE_LOG (ID_SERVICE_CATEGORY, ID_INVENTORY_NUMBER, ID_BOOK, ID_LIBRAY_CARD, DATE_OF_ISSUE_BOOK, DELIVERY_DATE_BOOK, FACT_DATE_BOOK) 
    VALUES (1, 10, 2, 1, '14.05.2022', '01.02.2022', NULL);
INSERT INTO ISSUANCE_LOG (ID_SERVICE_CATEGORY, ID_INVENTORY_NUMBER, ID_BOOK, ID_LIBRAY_CARD, DATE_OF_ISSUE_BOOK, DELIVERY_DATE_BOOK, FACT_DATE_BOOK) 
    VALUES (1, 12, 2, 2, '15.06.2022', '01.02.2022', NULL);
INSERT INTO ISSUANCE_LOG (ID_SERVICE_CATEGORY, ID_INVENTORY_NUMBER, ID_BOOK, ID_LIBRAY_CARD, DATE_OF_ISSUE_BOOK, DELIVERY_DATE_BOOK, FACT_DATE_BOOK) 
    VALUES (1, 12, 10, 10, '17.07.2022', '01.02.2022', NULL);
INSERT INTO ISSUANCE_LOG (ID_SERVICE_CATEGORY, ID_INVENTORY_NUMBER, ID_BOOK, ID_LIBRAY_CARD, DATE_OF_ISSUE_BOOK, DELIVERY_DATE_BOOK, FACT_DATE_BOOK) 
    VALUES (1, 1, 11, 11, '18.08.2022', '01.02.2022', NULL);
INSERT INTO ISSUANCE_LOG (ID_SERVICE_CATEGORY, ID_INVENTORY_NUMBER, ID_BOOK, ID_LIBRAY_CARD, DATE_OF_ISSUE_BOOK, DELIVERY_DATE_BOOK, FACT_DATE_BOOK) 
    VALUES (1, 2, 3, 16, '19.09.2022', '01.02.2022', NULL);
INSERT INTO ISSUANCE_LOG (ID_SERVICE_CATEGORY, ID_INVENTORY_NUMBER, ID_BOOK, ID_LIBRAY_CARD, DATE_OF_ISSUE_BOOK, DELIVERY_DATE_BOOK, FACT_DATE_BOOK) 
    VALUES (1, 3, 3, 5, '20.10.2022', '12.03.2022', NULL);
INSERT INTO ISSUANCE_LOG (ID_SERVICE_CATEGORY, ID_INVENTORY_NUMBER, ID_BOOK, ID_LIBRAY_CARD, DATE_OF_ISSUE_BOOK, DELIVERY_DATE_BOOK, FACT_DATE_BOOK) 
    VALUES (1, 4, 12, 3, '21.11.2022', '01.02.2022', NULL);
INSERT INTO ISSUANCE_LOG (ID_SERVICE_CATEGORY, ID_INVENTORY_NUMBER, ID_BOOK, ID_LIBRAY_CARD, DATE_OF_ISSUE_BOOK, DELIVERY_DATE_BOOK, FACT_DATE_BOOK) 
    VALUES (2, 5, 3, 3, '22.12.2022', '01.02.2022', NULL);
INSERT INTO ISSUANCE_LOG (ID_SERVICE_CATEGORY, ID_INVENTORY_NUMBER, ID_BOOK, ID_LIBRAY_CARD, DATE_OF_ISSUE_BOOK, DELIVERY_DATE_BOOK, FACT_DATE_BOOK) 
    VALUES (2, 6, 3, 5, '23.01.2022', '12.03.2022', NULL);
INSERT INTO ISSUANCE_LOG (ID_SERVICE_CATEGORY, ID_INVENTORY_NUMBER, ID_BOOK, ID_LIBRAY_CARD, DATE_OF_ISSUE_BOOK, DELIVERY_DATE_BOOK, FACT_DATE_BOOK) 
    VALUES (2, 7, 13, 5, '24.02.2022', '01.02.2022', NULL);
INSERT INTO ISSUANCE_LOG (ID_SERVICE_CATEGORY, ID_INVENTORY_NUMBER, ID_BOOK, ID_LIBRAY_CARD, DATE_OF_ISSUE_BOOK, DELIVERY_DATE_BOOK, FACT_DATE_BOOK) 
    VALUES (2, 8, 3, 17, '25.03.2022', '12.03.2022', NULL);
INSERT INTO ISSUANCE_LOG (ID_SERVICE_CATEGORY, ID_INVENTORY_NUMBER, ID_BOOK, ID_LIBRAY_CARD, DATE_OF_ISSUE_BOOK, DELIVERY_DATE_BOOK, FACT_DATE_BOOK) 
    VALUES (2, 5, 5, 9, '02.04.2022', '01.02.2022', NULL);

INSERT INTO ISSUANCE_LOG (ID_SERVICE_CATEGORY, ID_INVENTORY_NUMBER, ID_BOOK, ID_LIBRAY_CARD, DATE_OF_ISSUE_BOOK, DELIVERY_DATE_BOOK, FACT_DATE_BOOK) 
    VALUES (1, 1, 1, 1, TO_DATE('01.01.2022', 'dd.mm.yyyy'),  TO_DATE('01.02.2022', 'dd.mm.yyyy'), NULL);
INSERT INTO ISSUANCE_LOG (ID_SERVICE_CATEGORY, ID_INVENTORY_NUMBER, ID_BOOK, ID_LIBRAY_CARD, DATE_OF_ISSUE_BOOK, DELIVERY_DATE_BOOK, FACT_DATE_BOOK) 
    VALUES (1, 2, 1, 2, '02.01.2022', '01.02.2022', NULL);
INSERT INTO ISSUANCE_LOG (ID_SERVICE_CATEGORY, ID_INVENTORY_NUMBER, ID_BOOK, ID_LIBRAY_CARD, DATE_OF_ISSUE_BOOK, DELIVERY_DATE_BOOK, FACT_DATE_BOOK) 
    VALUES (1, 3, 1, 3, '01.03.1999', '01.02.2022', NULL);
INSERT INTO ISSUANCE_LOG (ID_SERVICE_CATEGORY, ID_INVENTORY_NUMBER, ID_BOOK, ID_LIBRAY_CARD, DATE_OF_ISSUE_BOOK, DELIVERY_DATE_BOOK, FACT_DATE_BOOK) 
    VALUES (1, 4, 1, 5, '01.02.2005', '01.02.2022', NULL);
INSERT INTO ISSUANCE_LOG (ID_SERVICE_CATEGORY, ID_INVENTORY_NUMBER, ID_BOOK, ID_LIBRAY_CARD, DATE_OF_ISSUE_BOOK, DELIVERY_DATE_BOOK, FACT_DATE_BOOK) 
    VALUES (1, 5, 2, 5, '01.04.2006', '10.12.2022', NULL);
INSERT INTO ISSUANCE_LOG (ID_SERVICE_CATEGORY, ID_INVENTORY_NUMBER, ID_BOOK, ID_LIBRAY_CARD, DATE_OF_ISSUE_BOOK, DELIVERY_DATE_BOOK, FACT_DATE_BOOK) 
    VALUES (1, 6, 2, 5, '01.05.2010', '10.12.2022', '01.02.2022');
INSERT INTO ISSUANCE_LOG (ID_SERVICE_CATEGORY, ID_INVENTORY_NUMBER, ID_BOOK, ID_LIBRAY_CARD, DATE_OF_ISSUE_BOOK, DELIVERY_DATE_BOOK, FACT_DATE_BOOK) 
    VALUES (1, 1, 2, 7, '05.07.2022', '01.02.2022', '01.02.2022');
INSERT INTO ISSUANCE_LOG (ID_SERVICE_CATEGORY, ID_INVENTORY_NUMBER, ID_BOOK, ID_LIBRAY_CARD, DATE_OF_ISSUE_BOOK, DELIVERY_DATE_BOOK, FACT_DATE_BOOK) 
    VALUES (1, 2, 2, 1, '06.08.2022', '01.02.2022', '01.02.2022');
INSERT INTO ISSUANCE_LOG (ID_SERVICE_CATEGORY, ID_INVENTORY_NUMBER, ID_BOOK, ID_LIBRAY_CARD, DATE_OF_ISSUE_BOOK, DELIVERY_DATE_BOOK, FACT_DATE_BOOK) 
    VALUES (1, 3, 3, 5, '07.09.2022', '01.02.2022', '01.02.2022');
INSERT INTO ISSUANCE_LOG (ID_SERVICE_CATEGORY, ID_INVENTORY_NUMBER, ID_BOOK, ID_LIBRAY_CARD, DATE_OF_ISSUE_BOOK, DELIVERY_DATE_BOOK, FACT_DATE_BOOK) 
    VALUES (1, 4, 4, 2, '08.10.2022', '12.03.2022', NULL);
INSERT INTO ISSUANCE_LOG (ID_SERVICE_CATEGORY, ID_INVENTORY_NUMBER, ID_BOOK, ID_LIBRAY_CARD, DATE_OF_ISSUE_BOOK, DELIVERY_DATE_BOOK, FACT_DATE_BOOK) 
    VALUES (1, 5, 5, 1, '09.11.2022', '01.02.2022', NULL);
INSERT INTO ISSUANCE_LOG (ID_SERVICE_CATEGORY, ID_INVENTORY_NUMBER, ID_BOOK, ID_LIBRAY_CARD, DATE_OF_ISSUE_BOOK, DELIVERY_DATE_BOOK, FACT_DATE_BOOK) 
    VALUES (1, 1, 1, 2, '10.12.2022', '01.02.2022', '01.02.2022');
INSERT INTO ISSUANCE_LOG (ID_SERVICE_CATEGORY, ID_INVENTORY_NUMBER, ID_BOOK, ID_LIBRAY_CARD, DATE_OF_ISSUE_BOOK, DELIVERY_DATE_BOOK, FACT_DATE_BOOK) 
    VALUES (1, 1, 1, 1, '11.01.2022', '12.03.2022', NULL);
INSERT INTO ISSUANCE_LOG (ID_SERVICE_CATEGORY, ID_INVENTORY_NUMBER, ID_BOOK, ID_LIBRAY_CARD, DATE_OF_ISSUE_BOOK, DELIVERY_DATE_BOOK, FACT_DATE_BOOK) 
    VALUES (1, 2, 2, 3, '11.02.2022', '01.02.2022', '01.02.2022');
INSERT INTO ISSUANCE_LOG (ID_SERVICE_CATEGORY, ID_INVENTORY_NUMBER, ID_BOOK, ID_LIBRAY_CARD, DATE_OF_ISSUE_BOOK, DELIVERY_DATE_BOOK, FACT_DATE_BOOK) 
    VALUES (1, 10, 2, 6, '12.03.2022', '01.02.2022', '01.02.2022');
INSERT INTO ISSUANCE_LOG (ID_SERVICE_CATEGORY, ID_INVENTORY_NUMBER, ID_BOOK, ID_LIBRAY_CARD, DATE_OF_ISSUE_BOOK, DELIVERY_DATE_BOOK, FACT_DATE_BOOK) 
    VALUES (1, 11, 2, 3, '13.04.2022', '01.02.2022', NULL);
INSERT INTO ISSUANCE_LOG (ID_SERVICE_CATEGORY, ID_INVENTORY_NUMBER, ID_BOOK, ID_LIBRAY_CARD, DATE_OF_ISSUE_BOOK, DELIVERY_DATE_BOOK, FACT_DATE_BOOK) 
    VALUES (1, 10, 2, 3, '14.05.2022', '01.02.2022', NULL);
INSERT INTO ISSUANCE_LOG (ID_SERVICE_CATEGORY, ID_INVENTORY_NUMBER, ID_BOOK, ID_LIBRAY_CARD, DATE_OF_ISSUE_BOOK, DELIVERY_DATE_BOOK, FACT_DATE_BOOK) 
    VALUES (1, 12, 2, 2, '15.06.2022', '01.02.2022', NULL);
INSERT INTO ISSUANCE_LOG (ID_SERVICE_CATEGORY, ID_INVENTORY_NUMBER, ID_BOOK, ID_LIBRAY_CARD, DATE_OF_ISSUE_BOOK, DELIVERY_DATE_BOOK, FACT_DATE_BOOK) 
    VALUES (1, 12, 3, 10, '17.07.2022', '01.02.2022', NULL);
INSERT INTO ISSUANCE_LOG (ID_SERVICE_CATEGORY, ID_INVENTORY_NUMBER, ID_BOOK, ID_LIBRAY_CARD, DATE_OF_ISSUE_BOOK, DELIVERY_DATE_BOOK, FACT_DATE_BOOK) 
    VALUES (1, 1, 3, 11, '18.08.2022', '01.02.2022', NULL);
INSERT INTO ISSUANCE_LOG (ID_SERVICE_CATEGORY, ID_INVENTORY_NUMBER, ID_BOOK, ID_LIBRAY_CARD, DATE_OF_ISSUE_BOOK, DELIVERY_DATE_BOOK, FACT_DATE_BOOK) 
    VALUES (1, 2, 3, 8, '19.09.2022', '01.02.2022', NULL);
INSERT INTO ISSUANCE_LOG (ID_SERVICE_CATEGORY, ID_INVENTORY_NUMBER, ID_BOOK, ID_LIBRAY_CARD, DATE_OF_ISSUE_BOOK, DELIVERY_DATE_BOOK, FACT_DATE_BOOK) 
    VALUES (1, 3, 3, 5, '20.10.2022', '12.03.2022', NULL);
INSERT INTO ISSUANCE_LOG (ID_SERVICE_CATEGORY, ID_INVENTORY_NUMBER, ID_BOOK, ID_LIBRAY_CARD, DATE_OF_ISSUE_BOOK, DELIVERY_DATE_BOOK, FACT_DATE_BOOK) 
    VALUES (1, 4, 3, 3, '21.11.2022', '01.02.2022', NULL);
INSERT INTO ISSUANCE_LOG (ID_SERVICE_CATEGORY, ID_INVENTORY_NUMBER, ID_BOOK, ID_LIBRAY_CARD, DATE_OF_ISSUE_BOOK, DELIVERY_DATE_BOOK, FACT_DATE_BOOK) 
    VALUES (2, 5, 3, 3, '22.12.2022', '01.02.2022', NULL);
INSERT INTO ISSUANCE_LOG (ID_SERVICE_CATEGORY, ID_INVENTORY_NUMBER, ID_BOOK, ID_LIBRAY_CARD, DATE_OF_ISSUE_BOOK, DELIVERY_DATE_BOOK, FACT_DATE_BOOK) 
    VALUES (2, 6, 13, 5, '23.01.2022', '12.03.2022', NULL);
INSERT INTO ISSUANCE_LOG (ID_SERVICE_CATEGORY, ID_INVENTORY_NUMBER, ID_BOOK, ID_LIBRAY_CARD, DATE_OF_ISSUE_BOOK, DELIVERY_DATE_BOOK, FACT_DATE_BOOK) 
    VALUES (2, 7, 3, 5, '24.02.2022', '01.02.2022', NULL);
INSERT INTO ISSUANCE_LOG (ID_SERVICE_CATEGORY, ID_INVENTORY_NUMBER, ID_BOOK, ID_LIBRAY_CARD, DATE_OF_ISSUE_BOOK, DELIVERY_DATE_BOOK, FACT_DATE_BOOK) 
    VALUES (2, 8, 3, 2, '25.03.2022', '12.03.2022', NULL);
INSERT INTO ISSUANCE_LOG (ID_SERVICE_CATEGORY, ID_INVENTORY_NUMBER, ID_BOOK, ID_LIBRAY_CARD, DATE_OF_ISSUE_BOOK, DELIVERY_DATE_BOOK, FACT_DATE_BOOK) 
    VALUES (2, 5, 3, 9, '02.04.2022', '01.02.2022', NULL);

INSERT INTO ISSUANCE_LOG (ID_SERVICE_CATEGORY, ID_INVENTORY_NUMBER, ID_BOOK, ID_LIBRAY_CARD, DATE_OF_ISSUE_BOOK, DELIVERY_DATE_BOOK, FACT_DATE_BOOK) 
    VALUES (1, 1, 3, 1, '01.01.2022', '01.02.2022', NULL);
INSERT INTO ISSUANCE_LOG (ID_SERVICE_CATEGORY, ID_INVENTORY_NUMBER, ID_BOOK, ID_LIBRAY_CARD, DATE_OF_ISSUE_BOOK, DELIVERY_DATE_BOOK, FACT_DATE_BOOK) 
    VALUES (1, 2, 2, 2, '02.01.2022', '01.02.2022', NULL);
INSERT INTO ISSUANCE_LOG (ID_SERVICE_CATEGORY, ID_INVENTORY_NUMBER, ID_BOOK, ID_LIBRAY_CARD, DATE_OF_ISSUE_BOOK, DELIVERY_DATE_BOOK, FACT_DATE_BOOK) 
    VALUES (1, 3, 5, 3, '01.03.1999', '01.02.2022', NULL);
INSERT INTO ISSUANCE_LOG (ID_SERVICE_CATEGORY, ID_INVENTORY_NUMBER, ID_BOOK, ID_LIBRAY_CARD, DATE_OF_ISSUE_BOOK, DELIVERY_DATE_BOOK, FACT_DATE_BOOK) 
    VALUES (1, 4, 7, 5, '01.02.2005', '01.02.2022', NULL);
INSERT INTO ISSUANCE_LOG (ID_SERVICE_CATEGORY, ID_INVENTORY_NUMBER, ID_BOOK, ID_LIBRAY_CARD, DATE_OF_ISSUE_BOOK, DELIVERY_DATE_BOOK, FACT_DATE_BOOK) 
    VALUES (1, 5, 2, 5, '01.04.2006', '10.12.2022', NULL);
INSERT INTO ISSUANCE_LOG (ID_SERVICE_CATEGORY, ID_INVENTORY_NUMBER, ID_BOOK, ID_LIBRAY_CARD, DATE_OF_ISSUE_BOOK, DELIVERY_DATE_BOOK, FACT_DATE_BOOK) 
    VALUES (1, 6, 9, 1, '01.05.2010', '10.12.2022', '01.02.2022');
INSERT INTO ISSUANCE_LOG (ID_SERVICE_CATEGORY, ID_INVENTORY_NUMBER, ID_BOOK, ID_LIBRAY_CARD, DATE_OF_ISSUE_BOOK, DELIVERY_DATE_BOOK, FACT_DATE_BOOK) 
    VALUES (1, 1, 2, 7, '05.07.2022', '01.02.2022', '01.02.2022');
INSERT INTO ISSUANCE_LOG (ID_SERVICE_CATEGORY, ID_INVENTORY_NUMBER, ID_BOOK, ID_LIBRAY_CARD, DATE_OF_ISSUE_BOOK, DELIVERY_DATE_BOOK, FACT_DATE_BOOK) 
    VALUES (1, 2, 5, 1, '06.08.2022', '01.02.2022', '01.02.2022');
INSERT INTO ISSUANCE_LOG (ID_SERVICE_CATEGORY, ID_INVENTORY_NUMBER, ID_BOOK, ID_LIBRAY_CARD, DATE_OF_ISSUE_BOOK, DELIVERY_DATE_BOOK, FACT_DATE_BOOK) 
    VALUES (1, 3, 3, 5, '07.09.2022', '01.02.2022', '01.02.2022');
INSERT INTO ISSUANCE_LOG (ID_SERVICE_CATEGORY, ID_INVENTORY_NUMBER, ID_BOOK, ID_LIBRAY_CARD, DATE_OF_ISSUE_BOOK, DELIVERY_DATE_BOOK, FACT_DATE_BOOK) 
    VALUES (1, 4, 5, 2, '08.10.2022', '12.03.2022', NULL);
INSERT INTO ISSUANCE_LOG (ID_SERVICE_CATEGORY, ID_INVENTORY_NUMBER, ID_BOOK, ID_LIBRAY_CARD, DATE_OF_ISSUE_BOOK, DELIVERY_DATE_BOOK, FACT_DATE_BOOK) 
    VALUES (1, 5, 15, 19, '09.11.2022', '01.02.2022', NULL);
INSERT INTO ISSUANCE_LOG (ID_SERVICE_CATEGORY, ID_INVENTORY_NUMBER, ID_BOOK, ID_LIBRAY_CARD, DATE_OF_ISSUE_BOOK, DELIVERY_DATE_BOOK, FACT_DATE_BOOK) 
    VALUES (1, 1, 2, 18, '10.12.2022', '01.02.2022', '01.02.2022');
INSERT INTO ISSUANCE_LOG (ID_SERVICE_CATEGORY, ID_INVENTORY_NUMBER, ID_BOOK, ID_LIBRAY_CARD, DATE_OF_ISSUE_BOOK, DELIVERY_DATE_BOOK, FACT_DATE_BOOK) 
    VALUES (1, 1, 1, 1, '11.01.2022', '12.03.2022', NULL);
INSERT INTO ISSUANCE_LOG (ID_SERVICE_CATEGORY, ID_INVENTORY_NUMBER, ID_BOOK, ID_LIBRAY_CARD, DATE_OF_ISSUE_BOOK, DELIVERY_DATE_BOOK, FACT_DATE_BOOK) 
    VALUES (1, 2, 2, 3, '11.02.2022', '01.02.2022', '01.02.2022');
INSERT INTO ISSUANCE_LOG (ID_SERVICE_CATEGORY, ID_INVENTORY_NUMBER, ID_BOOK, ID_LIBRAY_CARD, DATE_OF_ISSUE_BOOK, DELIVERY_DATE_BOOK, FACT_DATE_BOOK) 
    VALUES (1, 10, 12, 6, '12.03.2022', '01.02.2022', '01.02.2022');
INSERT INTO ISSUANCE_LOG (ID_SERVICE_CATEGORY, ID_INVENTORY_NUMBER, ID_BOOK, ID_LIBRAY_CARD, DATE_OF_ISSUE_BOOK, DELIVERY_DATE_BOOK, FACT_DATE_BOOK) 
    VALUES (1, 11, 16, 1, '13.04.2022', '01.02.2022', NULL);
INSERT INTO ISSUANCE_LOG (ID_SERVICE_CATEGORY, ID_INVENTORY_NUMBER, ID_BOOK, ID_LIBRAY_CARD, DATE_OF_ISSUE_BOOK, DELIVERY_DATE_BOOK, FACT_DATE_BOOK) 
    VALUES (1, 10, 2, 3, '14.05.2022', '01.02.2022', NULL);
INSERT INTO ISSUANCE_LOG (ID_SERVICE_CATEGORY, ID_INVENTORY_NUMBER, ID_BOOK, ID_LIBRAY_CARD, DATE_OF_ISSUE_BOOK, DELIVERY_DATE_BOOK, FACT_DATE_BOOK) 
    VALUES (1, 12, 2, 13, '15.06.2022', '01.02.2022', NULL);
INSERT INTO ISSUANCE_LOG (ID_SERVICE_CATEGORY, ID_INVENTORY_NUMBER, ID_BOOK, ID_LIBRAY_CARD, DATE_OF_ISSUE_BOOK, DELIVERY_DATE_BOOK, FACT_DATE_BOOK) 
    VALUES (1, 12, 10, 10, '17.07.2022', '01.02.2022', NULL);
INSERT INTO ISSUANCE_LOG (ID_SERVICE_CATEGORY, ID_INVENTORY_NUMBER, ID_BOOK, ID_LIBRAY_CARD, DATE_OF_ISSUE_BOOK, DELIVERY_DATE_BOOK, FACT_DATE_BOOK) 
    VALUES (1, 1, 11, 11, '18.08.2022', '01.02.2022', NULL);
INSERT INTO ISSUANCE_LOG (ID_SERVICE_CATEGORY, ID_INVENTORY_NUMBER, ID_BOOK, ID_LIBRAY_CARD, DATE_OF_ISSUE_BOOK, DELIVERY_DATE_BOOK, FACT_DATE_BOOK) 
    VALUES (1, 2, 3, 14, '19.09.2022', '01.02.2022', NULL);
INSERT INTO ISSUANCE_LOG (ID_SERVICE_CATEGORY, ID_INVENTORY_NUMBER, ID_BOOK, ID_LIBRAY_CARD, DATE_OF_ISSUE_BOOK, DELIVERY_DATE_BOOK, FACT_DATE_BOOK) 
    VALUES (1, 3, 3, 5, '20.10.2022', '12.03.2022', NULL);
INSERT INTO ISSUANCE_LOG (ID_SERVICE_CATEGORY, ID_INVENTORY_NUMBER, ID_BOOK, ID_LIBRAY_CARD, DATE_OF_ISSUE_BOOK, DELIVERY_DATE_BOOK, FACT_DATE_BOOK) 
    VALUES (1, 4, 12, 11, '21.11.2022', '01.02.2022', NULL);
INSERT INTO ISSUANCE_LOG (ID_SERVICE_CATEGORY, ID_INVENTORY_NUMBER, ID_BOOK, ID_LIBRAY_CARD, DATE_OF_ISSUE_BOOK, DELIVERY_DATE_BOOK, FACT_DATE_BOOK) 
    VALUES (2, 5, 3, 3, '22.12.2022', '01.02.2022', NULL);
INSERT INTO ISSUANCE_LOG (ID_SERVICE_CATEGORY, ID_INVENTORY_NUMBER, ID_BOOK, ID_LIBRAY_CARD, DATE_OF_ISSUE_BOOK, DELIVERY_DATE_BOOK, FACT_DATE_BOOK) 
    VALUES (2, 6, 3, 5, '23.01.2022', '12.03.2022', NULL);
INSERT INTO ISSUANCE_LOG (ID_SERVICE_CATEGORY, ID_INVENTORY_NUMBER, ID_BOOK, ID_LIBRAY_CARD, DATE_OF_ISSUE_BOOK, DELIVERY_DATE_BOOK, FACT_DATE_BOOK) 
    VALUES (2, 7, 13, 12, '24.02.2022', '01.02.2022', NULL);
INSERT INTO ISSUANCE_LOG (ID_SERVICE_CATEGORY, ID_INVENTORY_NUMBER, ID_BOOK, ID_LIBRAY_CARD, DATE_OF_ISSUE_BOOK, DELIVERY_DATE_BOOK, FACT_DATE_BOOK) 
    VALUES (2, 8, 3, 2, '25.03.2022', '12.03.2022', NULL);
INSERT INTO ISSUANCE_LOG (ID_SERVICE_CATEGORY, ID_INVENTORY_NUMBER, ID_BOOK, ID_LIBRAY_CARD, DATE_OF_ISSUE_BOOK, DELIVERY_DATE_BOOK, FACT_DATE_BOOK) 
    VALUES (2, 5, 5, 9, '02.04.2022', '01.02.2022', NULL);

INSERT INTO ISSUANCE_LOG (ID_SERVICE_CATEGORY, ID_INVENTORY_NUMBER, ID_BOOK, ID_LIBRAY_CARD, DATE_OF_ISSUE_BOOK, DELIVERY_DATE_BOOK, FACT_DATE_BOOK) 
    VALUES (1, 1, 3, 1, '01.01.2022', '01.02.2022', NULL);
INSERT INTO ISSUANCE_LOG (ID_SERVICE_CATEGORY, ID_INVENTORY_NUMBER, ID_BOOK, ID_LIBRAY_CARD, DATE_OF_ISSUE_BOOK, DELIVERY_DATE_BOOK, FACT_DATE_BOOK) 
    VALUES (1, 2, 2, 2, '02.01.2022', '01.02.2022', NULL);
INSERT INTO ISSUANCE_LOG (ID_SERVICE_CATEGORY, ID_INVENTORY_NUMBER, ID_BOOK, ID_LIBRAY_CARD, DATE_OF_ISSUE_BOOK, DELIVERY_DATE_BOOK, FACT_DATE_BOOK) 
    VALUES (1, 3, 5, 3, '01.03.1999', '01.02.2022', NULL);
INSERT INTO ISSUANCE_LOG (ID_SERVICE_CATEGORY, ID_INVENTORY_NUMBER, ID_BOOK, ID_LIBRAY_CARD, DATE_OF_ISSUE_BOOK, DELIVERY_DATE_BOOK, FACT_DATE_BOOK) 
    VALUES (1, 4, 7, 5, '01.02.2005', '01.02.2022', NULL);
INSERT INTO ISSUANCE_LOG (ID_SERVICE_CATEGORY, ID_INVENTORY_NUMBER, ID_BOOK, ID_LIBRAY_CARD, DATE_OF_ISSUE_BOOK, DELIVERY_DATE_BOOK, FACT_DATE_BOOK) 
    VALUES (1, 5, 12, 10, '01.04.2006', '10.12.2022', NULL);
INSERT INTO ISSUANCE_LOG (ID_SERVICE_CATEGORY, ID_INVENTORY_NUMBER, ID_BOOK, ID_LIBRAY_CARD, DATE_OF_ISSUE_BOOK, DELIVERY_DATE_BOOK, FACT_DATE_BOOK) 
    VALUES (1, 6, 9, 1, '01.05.2010', '10.12.2022', '01.02.2022');
INSERT INTO ISSUANCE_LOG (ID_SERVICE_CATEGORY, ID_INVENTORY_NUMBER, ID_BOOK, ID_LIBRAY_CARD, DATE_OF_ISSUE_BOOK, DELIVERY_DATE_BOOK, FACT_DATE_BOOK) 
    VALUES (1, 1, 2, 7, '05.07.2022', '01.02.2022', '01.02.2022');
INSERT INTO ISSUANCE_LOG (ID_SERVICE_CATEGORY, ID_INVENTORY_NUMBER, ID_BOOK, ID_LIBRAY_CARD, DATE_OF_ISSUE_BOOK, DELIVERY_DATE_BOOK, FACT_DATE_BOOK) 
    VALUES (1, 2, 15, 13, '06.08.2022', '01.02.2022', '01.02.2022');
INSERT INTO ISSUANCE_LOG (ID_SERVICE_CATEGORY, ID_INVENTORY_NUMBER, ID_BOOK, ID_LIBRAY_CARD, DATE_OF_ISSUE_BOOK, DELIVERY_DATE_BOOK, FACT_DATE_BOOK) 
    VALUES (1, 3, 3, 5, '07.09.2022', '01.02.2022', '01.02.2022');
INSERT INTO ISSUANCE_LOG (ID_SERVICE_CATEGORY, ID_INVENTORY_NUMBER, ID_BOOK, ID_LIBRAY_CARD, DATE_OF_ISSUE_BOOK, DELIVERY_DATE_BOOK, FACT_DATE_BOOK) 
    VALUES (1, 4, 10, 2, '08.10.2022', '12.03.2022', NULL);
INSERT INTO ISSUANCE_LOG (ID_SERVICE_CATEGORY, ID_INVENTORY_NUMBER, ID_BOOK, ID_LIBRAY_CARD, DATE_OF_ISSUE_BOOK, DELIVERY_DATE_BOOK, FACT_DATE_BOOK) 
    VALUES (1, 5, 5, 2, '09.11.2022', '01.02.2022', NULL);
INSERT INTO ISSUANCE_LOG (ID_SERVICE_CATEGORY, ID_INVENTORY_NUMBER, ID_BOOK, ID_LIBRAY_CARD, DATE_OF_ISSUE_BOOK, DELIVERY_DATE_BOOK, FACT_DATE_BOOK) 
    VALUES (1, 1, 2, 14, '10.12.2022', '01.02.2022', '01.02.2022');
INSERT INTO ISSUANCE_LOG (ID_SERVICE_CATEGORY, ID_INVENTORY_NUMBER, ID_BOOK, ID_LIBRAY_CARD, DATE_OF_ISSUE_BOOK, DELIVERY_DATE_BOOK, FACT_DATE_BOOK) 
    VALUES (1, 1, 1, 1, '11.01.2022', '12.03.2022', NULL);
INSERT INTO ISSUANCE_LOG (ID_SERVICE_CATEGORY, ID_INVENTORY_NUMBER, ID_BOOK, ID_LIBRAY_CARD, DATE_OF_ISSUE_BOOK, DELIVERY_DATE_BOOK, FACT_DATE_BOOK) 
    VALUES (1, 2, 2, 3, '11.02.2022', '01.02.2022', '01.02.2022');
INSERT INTO ISSUANCE_LOG (ID_SERVICE_CATEGORY, ID_INVENTORY_NUMBER, ID_BOOK, ID_LIBRAY_CARD, DATE_OF_ISSUE_BOOK, DELIVERY_DATE_BOOK, FACT_DATE_BOOK) 
    VALUES (1, 10, 2, 6, '12.03.2022', '01.02.2022', '01.02.2022');
INSERT INTO ISSUANCE_LOG (ID_SERVICE_CATEGORY, ID_INVENTORY_NUMBER, ID_BOOK, ID_LIBRAY_CARD, DATE_OF_ISSUE_BOOK, DELIVERY_DATE_BOOK, FACT_DATE_BOOK) 
    VALUES (1, 11, 6, 1, '13.04.2022', '01.02.2022', NULL);
INSERT INTO ISSUANCE_LOG (ID_SERVICE_CATEGORY, ID_INVENTORY_NUMBER, ID_BOOK, ID_LIBRAY_CARD, DATE_OF_ISSUE_BOOK, DELIVERY_DATE_BOOK, FACT_DATE_BOOK) 
    VALUES (1, 10, 2, 1, '14.05.2022', '01.02.2022', NULL);
INSERT INTO ISSUANCE_LOG (ID_SERVICE_CATEGORY, ID_INVENTORY_NUMBER, ID_BOOK, ID_LIBRAY_CARD, DATE_OF_ISSUE_BOOK, DELIVERY_DATE_BOOK, FACT_DATE_BOOK) 
    VALUES (1, 12, 2, 2, '15.06.2022', '01.02.2022', NULL);
INSERT INTO ISSUANCE_LOG (ID_SERVICE_CATEGORY, ID_INVENTORY_NUMBER, ID_BOOK, ID_LIBRAY_CARD, DATE_OF_ISSUE_BOOK, DELIVERY_DATE_BOOK, FACT_DATE_BOOK) 
    VALUES (1, 12, 10, 10, '17.07.2022', '01.02.2022', NULL);
INSERT INTO ISSUANCE_LOG (ID_SERVICE_CATEGORY, ID_INVENTORY_NUMBER, ID_BOOK, ID_LIBRAY_CARD, DATE_OF_ISSUE_BOOK, DELIVERY_DATE_BOOK, FACT_DATE_BOOK) 
    VALUES (1, 1, 11, 11, '18.08.2022', '01.02.2022', NULL);
INSERT INTO ISSUANCE_LOG (ID_SERVICE_CATEGORY, ID_INVENTORY_NUMBER, ID_BOOK, ID_LIBRAY_CARD, DATE_OF_ISSUE_BOOK, DELIVERY_DATE_BOOK, FACT_DATE_BOOK) 
    VALUES (1, 2, 3, 8, '19.09.2022', '01.02.2022', NULL);
INSERT INTO ISSUANCE_LOG (ID_SERVICE_CATEGORY, ID_INVENTORY_NUMBER, ID_BOOK, ID_LIBRAY_CARD, DATE_OF_ISSUE_BOOK, DELIVERY_DATE_BOOK, FACT_DATE_BOOK) 
    VALUES (1, 3, 3, 5, '20.10.2022', '12.03.2022', NULL);
INSERT INTO ISSUANCE_LOG (ID_SERVICE_CATEGORY, ID_INVENTORY_NUMBER, ID_BOOK, ID_LIBRAY_CARD, DATE_OF_ISSUE_BOOK, DELIVERY_DATE_BOOK, FACT_DATE_BOOK) 
    VALUES (1, 4, 12, 3, '21.11.2022', '01.02.2022', NULL);
INSERT INTO ISSUANCE_LOG (ID_SERVICE_CATEGORY, ID_INVENTORY_NUMBER, ID_BOOK, ID_LIBRAY_CARD, DATE_OF_ISSUE_BOOK, DELIVERY_DATE_BOOK, FACT_DATE_BOOK) 
    VALUES (2, 5, 7, 3, '22.12.2022', '01.02.2022', NULL);
INSERT INTO ISSUANCE_LOG (ID_SERVICE_CATEGORY, ID_INVENTORY_NUMBER, ID_BOOK, ID_LIBRAY_CARD, DATE_OF_ISSUE_BOOK, DELIVERY_DATE_BOOK, FACT_DATE_BOOK) 
    VALUES (2, 6, 5, 10, '23.01.2022', '12.03.2022', NULL);
INSERT INTO ISSUANCE_LOG (ID_SERVICE_CATEGORY, ID_INVENTORY_NUMBER, ID_BOOK, ID_LIBRAY_CARD, DATE_OF_ISSUE_BOOK, DELIVERY_DATE_BOOK, FACT_DATE_BOOK) 
    VALUES (2, 7, 13, 5, '24.02.2022', '01.02.2022', NULL);
INSERT INTO ISSUANCE_LOG (ID_SERVICE_CATEGORY, ID_INVENTORY_NUMBER, ID_BOOK, ID_LIBRAY_CARD, DATE_OF_ISSUE_BOOK, DELIVERY_DATE_BOOK, FACT_DATE_BOOK) 
    VALUES (2, 8, 3, 12, '25.03.2022', '12.03.2022', NULL);
INSERT INTO ISSUANCE_LOG (ID_SERVICE_CATEGORY, ID_INVENTORY_NUMBER, ID_BOOK, ID_LIBRAY_CARD, DATE_OF_ISSUE_BOOK, DELIVERY_DATE_BOOK, FACT_DATE_BOOK) 
    VALUES (2, 5, 13, 11, '02.04.2022', '01.02.2022', NULL);





